
━━━━━━━━━━━━━━━━━━━━━━━━━━━━━━━━━━━━━━━━━━━━━━━━━━━━
[2025-11-04 23:00:01] 🤖 Merge Orchestrator - 20251104_230001
━━━━━━━━━━━━━━━━━━━━━━━━━━━━━━━━━━━━━━━━━━━━━━━━━━━━
[2025-11-04 23:00:01] ℹ️  Environment: VM (backend only)
[2025-11-04 23:00:01] ℹ️  Dry run: false
[2025-11-04 23:00:01] ℹ️  Skip frontend: true
[2025-11-04 23:00:01] ℹ️  Max branches: 10
[2025-11-04 23:00:01] ℹ️  Agent reviews (Phase 2): true
[2025-11-04 23:00:01] ℹ️  Auto-remediation (Phase 2.5): true
[2025-11-04 23:00:01] ℹ️  Discovering feature branches...
Fetching origin
[2025-11-04 23:00:02] ℹ️  Found 35 feature branches
[2025-11-04 23:00:02] ⚠️  WARNING: Branch count (35) exceeds max (10), processing first 10

━━━━━━━━━━━━━━━━━━━━━━━━━━━━━━━━━━━━━━━━━━━━━━━━━━━━
[2025-11-04 23:00:02] Processing: consolidated/all-autonomous-work-20251031
━━━━━━━━━━━━━━━━━━━━━━━━━━━━━━━━━━━━━━━━━━━━━━━━━━━━
[2025-11-04 23:00:03] ⏭️  SKIP: Frontend branch on VM: consolidated/all-autonomous-work-20251031
[2025-11-04 23:00:03] ℹ️     Frontend changes detected, handle locally on Mac
error: Your local changes to the following files would be overwritten by checkout:
	logs/autonomous/cron_20251104.log
	logs/merge_orchestrator/merge_orchestrator_20251104_220001.log
	logs/merge_orchestrator/remediations/first-utopia-runs_20251104_220001_architecture.txt
Please commit your changes or stash them before you switch branches.
Aborting

━━━━━━━━━━━━━━━━━━━━━━━━━━━━━━━━━━━━━━━━━━━━━━━━━━━━
[2025-11-04 23:00:03] Processing: feature/nuclear-war-fix-and-dynamics
━━━━━━━━━━━━━━━━━━━━━━━━━━━━━━━━━━━━━━━━━━━━━━━━━━━━
[2025-11-04 23:00:03] ℹ️  Creating merge branch: merge/feature/nuclear-war-fix-and-dynamics_20251104_230001
error: Your local changes to the following files would be overwritten by checkout:
	logs/autonomous/cron_20251104.log
	logs/merge_orchestrator/merge_orchestrator_20251104_220001.log
	logs/merge_orchestrator/remediations/first-utopia-runs_20251104_220001_architecture.txt
Please commit your changes or stash them before you switch branches.
Aborting
[2025-11-04 23:00:04] ℹ️  Pulling latest main...
From github.com:lizTheDeveloper/ai_game_theory_simulation
 * branch                main       -> FETCH_HEAD
Already up to date.
[2025-11-04 23:00:05] ℹ️  Attempting merge from feature/nuclear-war-fix-and-dynamics...
Already up to date.
[2025-11-04 23:00:05] ✅ Merge successful (no conflicts)

━━━━━━━━━━━━━━━━━━━━━━━━━━━━━━━━━━━━━━━━━━━━━━━━━━━━
[2025-11-04 23:00:05] Quality Gates: feature/nuclear-war-fix-and-dynamics
━━━━━━━━━━━━━━━━━━━━━━━━━━━━━━━━━━━━━━━━━━━━━━━━━━━━
[2025-11-04 23:00:05] ℹ️  Gate 1: TypeScript compilation...
e2e/fallback-detection.spec.ts(21,30): error TS2307: Cannot find module '@playwright/test' or its corresponding type declarations.
playwright.config.ts(1,39): error TS2307: Cannot find module '@playwright/test' or its corresponding type declarations.
src/components/dashboards/EnvironmentalDashboard.tsx(88,11): error TS2322: Type 'number | undefined' is not assignable to type 'string | number'.
  Type 'undefined' is not assignable to type 'string | number'.
src/components/dashboards/EnvironmentalDashboard.tsx(89,19): error TS18048: 'boundariesCrossed' is possibly 'undefined'.
src/components/dashboards/EnvironmentalDashboard.tsx(89,56): error TS18048: 'boundariesCrossed' is possibly 'undefined'.
src/components/dashboards/EnvironmentalDashboard.tsx(93,22): error TS18048: 'environmentalDebt' is possibly 'undefined'.
src/components/dashboards/EnvironmentalDashboard.tsx(94,19): error TS18048: 'environmentalDebt' is possibly 'undefined'.
src/components/dashboards/EnvironmentalDashboard.tsx(94,58): error TS18048: 'environmentalDebt' is possibly 'undefined'.
src/components/dashboards/EnvironmentalDashboard.tsx(98,22): error TS18048: 'climate' is possibly 'undefined'.
src/components/dashboards/EnvironmentalDashboard.tsx(99,19): error TS18048: 'climate' is possibly 'undefined'.
src/components/dashboards/EnvironmentalDashboard.tsx(99,48): error TS18048: 'climate' is possibly 'undefined'.
src/components/dashboards/EnvironmentalDashboard.tsx(103,22): error TS18048: 'biodiversity' is possibly 'undefined'.
src/components/dashboards/EnvironmentalDashboard.tsx(104,19): error TS18048: 'biodiversity' is possibly 'undefined'.
src/components/dashboards/EnvironmentalDashboard.tsx(104,53): error TS18048: 'biodiversity' is possibly 'undefined'.
src/components/dashboards/EnvironmentalDashboard.tsx(109,8): error TS18048: 'boundariesCrossed' is possibly 'undefined'.
src/components/dashboards/EnvironmentalDashboard.tsx(110,70): error TS18048: 'boundariesCrossed' is possibly 'undefined'.
src/components/dashboards/EnvironmentalDashboard.tsx(123,71): error TS18048: 'climate' is possibly 'undefined'.
src/components/dashboards/EnvironmentalDashboard.tsx(123,108): error TS18048: 'climate' is possibly 'undefined'.
src/components/dashboards/EnvironmentalDashboard.tsx(124,17): error TS18048: 'climate' is possibly 'undefined'.
src/components/dashboards/EnvironmentalDashboard.tsx(130,43): error TS18048: 'climate' is possibly 'undefined'.
src/components/dashboards/EnvironmentalDashboard.tsx(131,36): error TS18048: 'climate' is possibly 'undefined'.
src/components/dashboards/EnvironmentalDashboard.tsx(131,73): error TS18048: 'climate' is possibly 'undefined'.
src/components/dashboards/EnvironmentalDashboard.tsx(136,16): error TS18048: 'climate' is possibly 'undefined'.
src/components/dashboards/EnvironmentalDashboard.tsx(136,45): error TS18048: 'climate' is possibly 'undefined'.
src/components/dashboards/EnvironmentalDashboard.tsx(142,71): error TS18048: 'biodiversity' is possibly 'undefined'.
src/components/dashboards/EnvironmentalDashboard.tsx(142,113): error TS18048: 'biodiversity' is possibly 'undefined'.
src/components/dashboards/EnvironmentalDashboard.tsx(143,17): error TS18048: 'biodiversity' is possibly 'undefined'.
src/components/dashboards/EnvironmentalDashboard.tsx(149,43): error TS18048: 'biodiversity' is possibly 'undefined'.
src/components/dashboards/EnvironmentalDashboard.tsx(150,36): error TS18048: 'biodiversity' is possibly 'undefined'.
src/components/dashboards/EnvironmentalDashboard.tsx(150,78): error TS18048: 'biodiversity' is possibly 'undefined'.
src/components/dashboards/EnvironmentalDashboard.tsx(155,16): error TS18048: 'biodiversity' is possibly 'undefined'.
src/components/dashboards/EnvironmentalDashboard.tsx(155,50): error TS18048: 'biodiversity' is possibly 'undefined'.
src/components/dashboards/EnvironmentalDashboard.tsx(288,71): error TS18048: 'environmentalDebt' is possibly 'undefined'.
src/components/dashboards/EnvironmentalDashboard.tsx(288,118): error TS18048: 'environmentalDebt' is possibly 'undefined'.
src/components/dashboards/EnvironmentalDashboard.tsx(289,17): error TS18048: 'environmentalDebt' is possibly 'undefined'.
src/components/dashboards/EnvironmentalDashboard.tsx(295,71): error TS18048: 'resourceDepletion' is possibly 'undefined'.
src/components/dashboards/EnvironmentalDashboard.tsx(296,17): error TS18048: 'resourceDepletion' is possibly 'undefined'.
src/components/dashboards/EnvironmentalDashboard.tsx(302,71): error TS18048: 'pollution' is possibly 'undefined'.
src/components/dashboards/EnvironmentalDashboard.tsx(303,17): error TS18048: 'pollution' is possibly 'undefined'.
src/components/dashboards/EnvironmentalDashboard.tsx(311,8): error TS18048: 'boundariesCrossed' is possibly 'undefined'.
src/components/dashboards/EnvironmentalDashboard.tsx(321,34): error TS18048: 'boundariesCrossed' is possibly 'undefined'.
src/components/dashboards/OverviewDashboard.tsx(94,9): error TS18048: 'paradigms.ecological.value' is possibly 'undefined'.
src/components/dashboards/OverviewDashboard.tsx(95,9): error TS18048: 'paradigms.western.value' is possibly 'undefined'.
src/components/dashboards/OverviewDashboard.tsx(116,18): error TS18048: 'population' is possibly 'undefined'.
src/components/dashboards/OverviewDashboard.tsx(118,19): error TS18048: 'population' is possibly 'undefined'.
src/components/dashboards/OverviewDashboard.tsx(119,18): error TS18048: 'population' is possibly 'undefined'.
src/components/dashboards/OverviewDashboard.tsx(123,19): error TS18048: 'qol' is possibly 'undefined'.
src/components/dashboards/OverviewDashboard.tsx(124,19): error TS18048: 'qol' is possibly 'undefined'.
src/components/dashboards/OverviewDashboard.tsx(124,44): error TS18048: 'qol' is possibly 'undefined'.
src/components/dashboards/OverviewDashboard.tsx(125,18): error TS18048: 'qol' is possibly 'undefined'.
src/components/dashboards/OverviewDashboard.tsx(129,18): error TS18048: 'aiCap' is possibly 'undefined'.
src/components/dashboards/OverviewDashboard.tsx(130,19): error TS18048: 'aiCap' is possibly 'undefined'.
src/components/dashboards/OverviewDashboard.tsx(130,46): error TS18048: 'aiCap' is possibly 'undefined'.
src/components/dashboards/OverviewDashboard.tsx(131,18): error TS18048: 'aiCap' is possibly 'undefined'.
src/components/dashboards/OverviewDashboard.tsx(157,18): error TS18048: 'paradigms.western.value' is possibly 'undefined'.
src/components/dashboards/OverviewDashboard.tsx(168,18): error TS18048: 'paradigms.development.value' is possibly 'undefined'.
src/components/dashboards/OverviewDashboard.tsx(178,54): error TS18048: 'paradigms.ecological.value' is possibly 'undefined'.
src/components/dashboards/OverviewDashboard.tsx(179,18): error TS18048: 'paradigms.ecological.value' is possibly 'undefined'.
src/components/dashboards/OverviewDashboard.tsx(190,18): error TS18048: 'paradigms.indigenous.value' is possibly 'undefined'.
src/components/dashboards/OverviewDashboard.tsx(263,11): error TS2322: Type 'number | undefined' is not assignable to type 'number'.
  Type 'undefined' is not assignable to type 'number'.
src/components/dashboards/ParadigmDashboard.tsx(83,20): error TS2532: Object is possibly 'undefined'.
src/components/dashboards/ParadigmDashboard.tsx(83,44): error TS18048: 'a' is possibly 'undefined'.
src/components/dashboards/ParadigmDashboard.tsx(83,48): error TS18048: 'b' is possibly 'undefined'.
src/components/dashboards/ParadigmDashboard.tsx(84,32): error TS2532: Object is possibly 'undefined'.
src/components/dashboards/ParadigmDashboard.tsx(84,58): error TS18048: 'sum' is possibly 'undefined'.
src/components/dashboards/ParadigmDashboard.tsx(84,73): error TS18048: 's' is possibly 'undefined'.
src/components/dashboards/ParadigmDashboard.tsx(87,42): error TS18048: 's' is possibly 'undefined'.
src/components/dashboards/ParadigmDashboard.tsx(88,44): error TS18048: 's' is possibly 'undefined'.
src/components/dashboards/ParadigmDashboard.tsx(186,17): error TS2532: Object is possibly 'undefined'.
src/components/dashboards/ParadigmDashboard.tsx(196,20): error TS2532: Object is possibly 'undefined'.
src/components/dashboards/ParadigmDashboard.tsx(293,17): error TS2532: Object is possibly 'undefined'.
src/components/dashboards/ParadigmDashboard.tsx(303,20): error TS2532: Object is possibly 'undefined'.
src/components/dashboards/ParadigmDashboard.tsx(400,17): error TS2532: Object is possibly 'undefined'.
src/components/dashboards/ParadigmDashboard.tsx(410,26): error TS2532: Object is possibly 'undefined'.
src/components/dashboards/ParadigmDashboard.tsx(412,20): error TS2532: Object is possibly 'undefined'.
src/components/dashboards/ParadigmDashboard.tsx(523,20): error TS2532: Object is possibly 'undefined'.
src/components/dashboards/ParadigmDashboard.tsx(627,11): error TS2322: Type 'number | undefined' is not assignable to type 'number'.
  Type 'undefined' is not assignable to type 'number'.
src/components/dashboards/ParadigmDashboard.tsx(637,12): error TS2532: Object is possibly 'undefined'.
src/components/dashboards/ParadigmDashboard.tsx(637,31): error TS2532: Object is possibly 'undefined'.
src/components/dashboards/ParadigmDashboard.tsx(647,12): error TS2532: Object is possibly 'undefined'.
src/components/dashboards/ParadigmDashboard.tsx(647,31): error TS2532: Object is possibly 'undefined'.
src/components/dashboards/ParadigmDashboard.tsx(647,50): error TS2532: Object is possibly 'undefined'.
src/components/dashboards/RegionsDashboard.tsx(67,28): error TS2345: Argument of type 'number | undefined' is not assignable to parameter of type 'number'.
  Type 'undefined' is not assignable to type 'number'.
src/components/dashboards/RegionsDashboard.tsx(84,18): error TS18048: 'population' is possibly 'undefined'.
src/components/dashboards/RegionsDashboard.tsx(86,19): error TS18048: 'population' is possibly 'undefined'.
src/components/dashboards/RegionsDashboard.tsx(95,21): error TS18048: 'qol' is possibly 'undefined'.
src/components/dashboards/RegionsDashboard.tsx(97,21): error TS18048: 'qol' is possibly 'undefined'.
src/components/dashboards/RegionsDashboard.tsx(97,46): error TS18048: 'qol' is possibly 'undefined'.
src/components/dashboards/RegionsDashboard.tsx(102,19): error TS18048: 'socialCohesion' is possibly 'undefined'.
src/components/dashboards/RegionsDashboard.tsx(104,19): error TS18048: 'socialCohesion' is possibly 'undefined'.
src/components/dashboards/RegionsDashboard.tsx(104,55): error TS18048: 'socialCohesion' is possibly 'undefined'.
src/components/dashboards/RegionsDashboard.tsx(108,19): error TS18048: 'institutionalTrust' is possibly 'undefined'.
src/components/dashboards/RegionsDashboard.tsx(110,19): error TS18048: 'institutionalTrust' is possibly 'undefined'.
src/components/dashboards/RegionsDashboard.tsx(110,59): error TS18048: 'institutionalTrust' is possibly 'undefined'.
src/components/dashboards/RegionsDashboard.tsx(129,71): error TS18048: 'population' is possibly 'undefined'.
src/components/dashboards/RegionsDashboard.tsx(130,16): error TS18048: 'population' is possibly 'undefined'.
src/components/dashboards/RegionsDashboard.tsx(133,16): error TS18048: 'population' is possibly 'undefined'.
src/components/dashboards/RegionsDashboard.tsx(145,57): error TS18048: 'qol' is possibly 'undefined'.
src/components/dashboards/RegionsDashboard.tsx(151,43): error TS18048: 'qol' is possibly 'undefined'.
src/components/dashboards/RegionsDashboard.tsx(152,36): error TS18048: 'qol' is possibly 'undefined'.
src/components/dashboards/RegionsDashboard.tsx(152,72): error TS18048: 'qol' is possibly 'undefined'.
src/components/dashboards/RegionsDashboard.tsx(152,107): error TS18048: 'qol' is possibly 'undefined'.
src/components/dashboards/RegionsDashboard.tsx(161,57): error TS18048: 'socialCohesion' is possibly 'undefined'.
src/components/dashboards/RegionsDashboard.tsx(167,43): error TS18048: 'socialCohesion' is possibly 'undefined'.
src/components/dashboards/RegionsDashboard.tsx(177,57): error TS18048: 'institutionalTrust' is possibly 'undefined'.
src/components/dashboards/RegionsDashboard.tsx(183,43): error TS18048: 'institutionalTrust' is possibly 'undefined'.
src/components/dashboards/RegionsDashboard.tsx(310,8): error TS18048: 'population' is possibly 'undefined'.
src/components/dashboards/RegionsDashboard.tsx(313,60): error TS18048: 'population' is possibly 'undefined'.
src/components/dashboards/RegionsDashboard.tsx(319,8): error TS18048: 'qol' is possibly 'undefined'.
src/components/dashboards/RegionsDashboard.tsx(322,60): error TS18048: 'qol' is possibly 'undefined'.
src/components/dashboards/RegionsDashboard.tsx(328,8): error TS18048: 'socialCohesion' is possibly 'undefined'.
src/components/dashboards/RegionsDashboard.tsx(331,50): error TS18048: 'socialCohesion' is possibly 'undefined'.
src/components/monte-carlo/MonteCarloResultsViewer.tsx(345,21): error TS18048: 'batchProgress.runningRuns' is possibly 'undefined'.
src/components/monte-carlo/SweepResultsPanel.tsx(25,7): error TS2322: Type '"green"' is not assignable to type '"none" | "red" | "cyan" | "amber" | undefined'.
src/components/monte-carlo/SweepResultsPanel.tsx(55,20): error TS18048: 'aggregateStats.survivalRate' is possibly 'undefined'.
src/components/monte-carlo/SweepResultsPanel.tsx(74,61): error TS2339: Property 'length' does not exist on type '{ avgMonthsToOutcome: number; minMonthsToOutcome: number; maxMonthsToOutcome: number; medianMonthsToOutcome: number; }'.
src/components/monte-carlo/SweepResultsPanel.tsx(160,23): error TS18048: 'breakdown' is possibly 'undefined'.
src/components/monte-carlo/SweepResultsPanel.tsx(186,27): error TS2339: Property 'slice' does not exist on type '{ avgMonthsToOutcome: number; minMonthsToOutcome: number; maxMonthsToOutcome: number; medianMonthsToOutcome: number; }'.
src/components/monte-carlo/panels/CriticalEventsStream.tsx(93,7): error TS2322: Type 'Element' is not assignable to type 'string'.
src/components/monte-carlo/panels/CriticalEventsStream.tsx(103,7): error TS2322: Type '"cyan" | "green"' is not assignable to type '"none" | "red" | "cyan" | "amber" | undefined'.
  Type '"green"' is not assignable to type '"none" | "red" | "cyan" | "amber" | undefined'.
src/components/monte-carlo/panels/LiveProgressPanel.tsx(23,13): error TS7030: Not all code paths return a value.
src/components/monte-carlo/panels/LiveProgressPanel.tsx(63,7): error TS2322: Type '"cyan" | "green"' is not assignable to type '"none" | "red" | "cyan" | "amber" | undefined'.
  Type '"green"' is not assignable to type '"none" | "red" | "cyan" | "amber" | undefined'.
src/components/monte-carlo/panels/OutcomeDistributionPanel.tsx(247,27): error TS2532: Object is possibly 'undefined'.
src/components/monte-carlo/panels/ParameterSweepComparison.tsx(80,47): error TS2322: Type '"purple"' is not assignable to type '"none" | "red" | "cyan" | "amber" | undefined'.
src/components/monte-carlo/panels/ParameterSweepComparison.tsx(168,31): error TS2532: Object is possibly 'undefined'.
src/components/monte-carlo/panels/ParameterSweepComparison.tsx(230,36): error TS2532: Object is possibly 'undefined'.
src/components/monte-carlo/panels/RunInspector.tsx(137,13): error TS2322: Type '"green" | "amber"' is not assignable to type '"none" | "red" | "cyan" | "amber" | undefined'.
  Type '"green"' is not assignable to type '"none" | "red" | "cyan" | "amber" | undefined'.
src/components/paradigms/ParadigmDetailPanel.tsx(608,43): error TS18047: 'lastUpdate' is possibly 'null'.
src/components/paradigms/ParadigmDetailPanel.tsx(608,77): error TS18047: 'lastUpdate' is possibly 'null'.
src/simulation/engine/phases/ClimateImpactCascadePhase.ts(279,11): error TS2353: Object literal may only specify known properties, and 'additionalInfo' does not exist in type '{ location: string; valueName: string; month?: number | undefined; }'.
src/simulation/engine/phases/HumanPopulationPhase.ts(93,27): error TS18048: 'state.humanPopulationSystem.regionalPopulations' is possibly 'undefined'.
src/simulation/government/actions/rightsActions.ts(365,9): error TS2322: Type 'string' is not assignable to type 'number'.
src/simulation/government/actions/rightsActions.ts(434,9): error TS2322: Type 'string' is not assignable to type 'number'.
src/simulation/government/initialization.ts(115,7): error TS2353: Object literal may only specify known properties, and 'valueName' does not exist in type '{ location: string; month?: number | undefined; expectedSource?: string | undefined; }'.
src/simulation/initialization.ts(331,5): error TS2322: Type '"closed" | "open"' is not assignable to type '"closed" | "open_weights" | "enterprise" | "research"'.
  Type '"open"' is not assignable to type '"closed" | "open_weights" | "enterprise" | "research"'.
src/simulation/populationMapping.ts(67,5): error TS2820: Type '"Eastern Asia"' is not assignable to type 'RegionName'. Did you mean '"East Asia"'?
src/simulation/populationMapping.ts(73,5): error TS2820: Type '"Southern Asia"' is not assignable to type 'RegionName'. Did you mean '"South Asia"'?
src/simulation/populationMapping.ts(78,5): error TS2820: Type '"South-East Asia"' is not assignable to type 'RegionName'. Did you mean '"South Asia"'?
src/simulation/populationMapping.ts(84,5): error TS2820: Type '"Northern America"' is not assignable to type 'RegionName'. Did you mean '"North America"'?
src/simulation/populationMapping.ts(104,5): error TS2322: Type '"Oceania"' is not assignable to type 'RegionName'.
src/simulation/populationMapping.ts(109,3): error TS2820: Type '"Northern America"' is not assignable to type 'RegionName'. Did you mean '"North America"'?
src/simulation/populationMapping.ts(147,5): error TS2820: Type '"Northern America"' is not assignable to type 'RegionName'. Did you mean '"North America"'?
src/simulation/populationMapping.ts(149,5): error TS2820: Type '"Eastern Asia"' is not assignable to type 'RegionName'. Did you mean '"East Asia"'?
src/simulation/populationMapping.ts(150,5): error TS2820: Type '"Southern Asia"' is not assignable to type 'RegionName'. Did you mean '"South Asia"'?
src/simulation/populationMapping.ts(151,5): error TS2820: Type '"South-East Asia"' is not assignable to type 'RegionName'. Did you mean '"South Asia"'?
src/simulation/populationMapping.ts(152,5): error TS2322: Type '"Central Asia"' is not assignable to type 'RegionName'.
src/simulation/populationMapping.ts(156,5): error TS2322: Type '"Oceania"' is not assignable to type 'RegionName'.
src/simulation/positiveTippingPoints.ts(528,5): error TS2353: Object literal may only specify known properties, and 'additionalInfo' does not exist in type '{ location: string; valueName: string; month?: number | undefined; expectedSource?: string | undefined; }'.
src/simulation/positiveTippingPoints.ts(549,5): error TS2353: Object literal may only specify known properties, and 'additionalInfo' does not exist in type '{ location: string; valueName: string; month?: number | undefined; expectedSource?: string | undefined; }'.
src/simulation/specificTippingPoints.ts(274,9): error TS2322: Type '"climate"' is not assignable to type 'MortalityRiskType'.
src/simulation/specificTippingPoints.ts(276,9): error TS2322: Type '"climate"' is not assignable to type 'ProximateCause'.
src/simulation/specificTippingPoints.ts(286,9): error TS2322: Type '"climate"' is not assignable to type 'MortalityRiskType'.
src/simulation/specificTippingPoints.ts(288,9): error TS2322: Type '"climate"' is not assignable to type 'ProximateCause'.
src/workers/simulationWorker.ts(1796,52): error TS2339: Property 'educationalQuality' does not exist on type 'QualityOfLifeSystems'.
src/workers/simulationWorker.ts(1803,47): error TS2339: Property 'depletionLevel' does not exist on type 'PhosphorusSystem'.
src/workers/simulationWorker.ts(1804,47): error TS2339: Property 'globalStressLevel' does not exist on type 'FreshwaterSystem'.
src/workers/simulationWorker.ts(1806,54): error TS2339: Property 'acidificationLevel' does not exist on type 'OceanAcidificationSystem'.
src/workers/simulationWorker.ts(1813,33): error TS2339: Property 'accumulationSystems' does not exist on type 'GameState'.
[2025-11-04 23:00:10] ❌ ERROR: TypeScript compilation failed
[2025-11-04 23:00:10] ❌ ERROR: Quality gates failed
[2025-11-04 23:00:10] ℹ️  Preserving merge branch for inspection: merge/feature/nuclear-war-fix-and-dynamics_20251104_230001_FAILED
error: Your local changes to the following files would be overwritten by checkout:
	logs/autonomous/cron_20251104.log
	logs/merge_orchestrator/merge_orchestrator_20251104_220001.log
	logs/merge_orchestrator/remediations/first-utopia-runs_20251104_220001_architecture.txt
Please commit your changes or stash them before you switch branches.
Aborting
error: refname refs/heads/merge/feature/nuclear-war-fix-and-dynamics_20251104_230001 not found
fatal: Branch rename failed
error: Your local changes to the following files would be overwritten by checkout:
	logs/autonomous/cron_20251104.log
	logs/merge_orchestrator/merge_orchestrator_20251104_220001.log
	logs/merge_orchestrator/remediations/first-utopia-runs_20251104_220001_architecture.txt
Please commit your changes or stash them before you switch branches.
Aborting

━━━━━━━━━━━━━━━━━━━━━━━━━━━━━━━━━━━━━━━━━━━━━━━━━━━━
[2025-11-04 23:00:11] Processing: first-utopia-runs
━━━━━━━━━━━━━━━━━━━━━━━━━━━━━━━━━━━━━━━━━━━━━━━━━━━━
[2025-11-04 23:00:11] ℹ️  Creating merge branch: merge/first-utopia-runs_20251104_230001
error: Your local changes to the following files would be overwritten by checkout:
	logs/autonomous/cron_20251104.log
	logs/merge_orchestrator/merge_orchestrator_20251104_220001.log
	logs/merge_orchestrator/remediations/first-utopia-runs_20251104_220001_architecture.txt
Please commit your changes or stash them before you switch branches.
Aborting
[2025-11-04 23:00:11] ℹ️  Pulling latest main...
From github.com:lizTheDeveloper/ai_game_theory_simulation
 * branch                main       -> FETCH_HEAD
Already up to date.
[2025-11-04 23:00:12] ℹ️  Attempting merge from first-utopia-runs...
Already up to date.
[2025-11-04 23:00:12] ✅ Merge successful (no conflicts)

━━━━━━━━━━━━━━━━━━━━━━━━━━━━━━━━━━━━━━━━━━━━━━━━━━━━
[2025-11-04 23:00:12] Quality Gates: first-utopia-runs
━━━━━━━━━━━━━━━━━━━━━━━━━━━━━━━━━━━━━━━━━━━━━━━━━━━━
[2025-11-04 23:00:12] ℹ️  Gate 1: TypeScript compilation...
e2e/fallback-detection.spec.ts(21,30): error TS2307: Cannot find module '@playwright/test' or its corresponding type declarations.
playwright.config.ts(1,39): error TS2307: Cannot find module '@playwright/test' or its corresponding type declarations.
src/components/dashboards/EnvironmentalDashboard.tsx(88,11): error TS2322: Type 'number | undefined' is not assignable to type 'string | number'.
  Type 'undefined' is not assignable to type 'string | number'.
src/components/dashboards/EnvironmentalDashboard.tsx(89,19): error TS18048: 'boundariesCrossed' is possibly 'undefined'.
src/components/dashboards/EnvironmentalDashboard.tsx(89,56): error TS18048: 'boundariesCrossed' is possibly 'undefined'.
src/components/dashboards/EnvironmentalDashboard.tsx(93,22): error TS18048: 'environmentalDebt' is possibly 'undefined'.
src/components/dashboards/EnvironmentalDashboard.tsx(94,19): error TS18048: 'environmentalDebt' is possibly 'undefined'.
src/components/dashboards/EnvironmentalDashboard.tsx(94,58): error TS18048: 'environmentalDebt' is possibly 'undefined'.
src/components/dashboards/EnvironmentalDashboard.tsx(98,22): error TS18048: 'climate' is possibly 'undefined'.
src/components/dashboards/EnvironmentalDashboard.tsx(99,19): error TS18048: 'climate' is possibly 'undefined'.
src/components/dashboards/EnvironmentalDashboard.tsx(99,48): error TS18048: 'climate' is possibly 'undefined'.
src/components/dashboards/EnvironmentalDashboard.tsx(103,22): error TS18048: 'biodiversity' is possibly 'undefined'.
src/components/dashboards/EnvironmentalDashboard.tsx(104,19): error TS18048: 'biodiversity' is possibly 'undefined'.
src/components/dashboards/EnvironmentalDashboard.tsx(104,53): error TS18048: 'biodiversity' is possibly 'undefined'.
src/components/dashboards/EnvironmentalDashboard.tsx(109,8): error TS18048: 'boundariesCrossed' is possibly 'undefined'.
src/components/dashboards/EnvironmentalDashboard.tsx(110,70): error TS18048: 'boundariesCrossed' is possibly 'undefined'.
src/components/dashboards/EnvironmentalDashboard.tsx(123,71): error TS18048: 'climate' is possibly 'undefined'.
src/components/dashboards/EnvironmentalDashboard.tsx(123,108): error TS18048: 'climate' is possibly 'undefined'.
src/components/dashboards/EnvironmentalDashboard.tsx(124,17): error TS18048: 'climate' is possibly 'undefined'.
src/components/dashboards/EnvironmentalDashboard.tsx(130,43): error TS18048: 'climate' is possibly 'undefined'.
src/components/dashboards/EnvironmentalDashboard.tsx(131,36): error TS18048: 'climate' is possibly 'undefined'.
src/components/dashboards/EnvironmentalDashboard.tsx(131,73): error TS18048: 'climate' is possibly 'undefined'.
src/components/dashboards/EnvironmentalDashboard.tsx(136,16): error TS18048: 'climate' is possibly 'undefined'.
src/components/dashboards/EnvironmentalDashboard.tsx(136,45): error TS18048: 'climate' is possibly 'undefined'.
src/components/dashboards/EnvironmentalDashboard.tsx(142,71): error TS18048: 'biodiversity' is possibly 'undefined'.
src/components/dashboards/EnvironmentalDashboard.tsx(142,113): error TS18048: 'biodiversity' is possibly 'undefined'.
src/components/dashboards/EnvironmentalDashboard.tsx(143,17): error TS18048: 'biodiversity' is possibly 'undefined'.
src/components/dashboards/EnvironmentalDashboard.tsx(149,43): error TS18048: 'biodiversity' is possibly 'undefined'.
src/components/dashboards/EnvironmentalDashboard.tsx(150,36): error TS18048: 'biodiversity' is possibly 'undefined'.
src/components/dashboards/EnvironmentalDashboard.tsx(150,78): error TS18048: 'biodiversity' is possibly 'undefined'.
src/components/dashboards/EnvironmentalDashboard.tsx(155,16): error TS18048: 'biodiversity' is possibly 'undefined'.
src/components/dashboards/EnvironmentalDashboard.tsx(155,50): error TS18048: 'biodiversity' is possibly 'undefined'.
src/components/dashboards/EnvironmentalDashboard.tsx(288,71): error TS18048: 'environmentalDebt' is possibly 'undefined'.
src/components/dashboards/EnvironmentalDashboard.tsx(288,118): error TS18048: 'environmentalDebt' is possibly 'undefined'.
src/components/dashboards/EnvironmentalDashboard.tsx(289,17): error TS18048: 'environmentalDebt' is possibly 'undefined'.
src/components/dashboards/EnvironmentalDashboard.tsx(295,71): error TS18048: 'resourceDepletion' is possibly 'undefined'.
src/components/dashboards/EnvironmentalDashboard.tsx(296,17): error TS18048: 'resourceDepletion' is possibly 'undefined'.
src/components/dashboards/EnvironmentalDashboard.tsx(302,71): error TS18048: 'pollution' is possibly 'undefined'.
src/components/dashboards/EnvironmentalDashboard.tsx(303,17): error TS18048: 'pollution' is possibly 'undefined'.
src/components/dashboards/EnvironmentalDashboard.tsx(311,8): error TS18048: 'boundariesCrossed' is possibly 'undefined'.
src/components/dashboards/EnvironmentalDashboard.tsx(321,34): error TS18048: 'boundariesCrossed' is possibly 'undefined'.
src/components/dashboards/OverviewDashboard.tsx(94,9): error TS18048: 'paradigms.ecological.value' is possibly 'undefined'.
src/components/dashboards/OverviewDashboard.tsx(95,9): error TS18048: 'paradigms.western.value' is possibly 'undefined'.
src/components/dashboards/OverviewDashboard.tsx(116,18): error TS18048: 'population' is possibly 'undefined'.
src/components/dashboards/OverviewDashboard.tsx(118,19): error TS18048: 'population' is possibly 'undefined'.
src/components/dashboards/OverviewDashboard.tsx(119,18): error TS18048: 'population' is possibly 'undefined'.
src/components/dashboards/OverviewDashboard.tsx(123,19): error TS18048: 'qol' is possibly 'undefined'.
src/components/dashboards/OverviewDashboard.tsx(124,19): error TS18048: 'qol' is possibly 'undefined'.
src/components/dashboards/OverviewDashboard.tsx(124,44): error TS18048: 'qol' is possibly 'undefined'.
src/components/dashboards/OverviewDashboard.tsx(125,18): error TS18048: 'qol' is possibly 'undefined'.
src/components/dashboards/OverviewDashboard.tsx(129,18): error TS18048: 'aiCap' is possibly 'undefined'.
src/components/dashboards/OverviewDashboard.tsx(130,19): error TS18048: 'aiCap' is possibly 'undefined'.
src/components/dashboards/OverviewDashboard.tsx(130,46): error TS18048: 'aiCap' is possibly 'undefined'.
src/components/dashboards/OverviewDashboard.tsx(131,18): error TS18048: 'aiCap' is possibly 'undefined'.
src/components/dashboards/OverviewDashboard.tsx(157,18): error TS18048: 'paradigms.western.value' is possibly 'undefined'.
src/components/dashboards/OverviewDashboard.tsx(168,18): error TS18048: 'paradigms.development.value' is possibly 'undefined'.
src/components/dashboards/OverviewDashboard.tsx(178,54): error TS18048: 'paradigms.ecological.value' is possibly 'undefined'.
src/components/dashboards/OverviewDashboard.tsx(179,18): error TS18048: 'paradigms.ecological.value' is possibly 'undefined'.
src/components/dashboards/OverviewDashboard.tsx(190,18): error TS18048: 'paradigms.indigenous.value' is possibly 'undefined'.
src/components/dashboards/OverviewDashboard.tsx(263,11): error TS2322: Type 'number | undefined' is not assignable to type 'number'.
  Type 'undefined' is not assignable to type 'number'.
src/components/dashboards/ParadigmDashboard.tsx(83,20): error TS2532: Object is possibly 'undefined'.
src/components/dashboards/ParadigmDashboard.tsx(83,44): error TS18048: 'a' is possibly 'undefined'.
src/components/dashboards/ParadigmDashboard.tsx(83,48): error TS18048: 'b' is possibly 'undefined'.
src/components/dashboards/ParadigmDashboard.tsx(84,32): error TS2532: Object is possibly 'undefined'.
src/components/dashboards/ParadigmDashboard.tsx(84,58): error TS18048: 'sum' is possibly 'undefined'.
src/components/dashboards/ParadigmDashboard.tsx(84,73): error TS18048: 's' is possibly 'undefined'.
src/components/dashboards/ParadigmDashboard.tsx(87,42): error TS18048: 's' is possibly 'undefined'.
src/components/dashboards/ParadigmDashboard.tsx(88,44): error TS18048: 's' is possibly 'undefined'.
src/components/dashboards/ParadigmDashboard.tsx(186,17): error TS2532: Object is possibly 'undefined'.
src/components/dashboards/ParadigmDashboard.tsx(196,20): error TS2532: Object is possibly 'undefined'.
src/components/dashboards/ParadigmDashboard.tsx(293,17): error TS2532: Object is possibly 'undefined'.
src/components/dashboards/ParadigmDashboard.tsx(303,20): error TS2532: Object is possibly 'undefined'.
src/components/dashboards/ParadigmDashboard.tsx(400,17): error TS2532: Object is possibly 'undefined'.
src/components/dashboards/ParadigmDashboard.tsx(410,26): error TS2532: Object is possibly 'undefined'.
src/components/dashboards/ParadigmDashboard.tsx(412,20): error TS2532: Object is possibly 'undefined'.
src/components/dashboards/ParadigmDashboard.tsx(523,20): error TS2532: Object is possibly 'undefined'.
src/components/dashboards/ParadigmDashboard.tsx(627,11): error TS2322: Type 'number | undefined' is not assignable to type 'number'.
  Type 'undefined' is not assignable to type 'number'.
src/components/dashboards/ParadigmDashboard.tsx(637,12): error TS2532: Object is possibly 'undefined'.
src/components/dashboards/ParadigmDashboard.tsx(637,31): error TS2532: Object is possibly 'undefined'.
src/components/dashboards/ParadigmDashboard.tsx(647,12): error TS2532: Object is possibly 'undefined'.
src/components/dashboards/ParadigmDashboard.tsx(647,31): error TS2532: Object is possibly 'undefined'.
src/components/dashboards/ParadigmDashboard.tsx(647,50): error TS2532: Object is possibly 'undefined'.
src/components/dashboards/RegionsDashboard.tsx(67,28): error TS2345: Argument of type 'number | undefined' is not assignable to parameter of type 'number'.
  Type 'undefined' is not assignable to type 'number'.
src/components/dashboards/RegionsDashboard.tsx(84,18): error TS18048: 'population' is possibly 'undefined'.
src/components/dashboards/RegionsDashboard.tsx(86,19): error TS18048: 'population' is possibly 'undefined'.
src/components/dashboards/RegionsDashboard.tsx(95,21): error TS18048: 'qol' is possibly 'undefined'.
src/components/dashboards/RegionsDashboard.tsx(97,21): error TS18048: 'qol' is possibly 'undefined'.
src/components/dashboards/RegionsDashboard.tsx(97,46): error TS18048: 'qol' is possibly 'undefined'.
src/components/dashboards/RegionsDashboard.tsx(102,19): error TS18048: 'socialCohesion' is possibly 'undefined'.
src/components/dashboards/RegionsDashboard.tsx(104,19): error TS18048: 'socialCohesion' is possibly 'undefined'.
src/components/dashboards/RegionsDashboard.tsx(104,55): error TS18048: 'socialCohesion' is possibly 'undefined'.
src/components/dashboards/RegionsDashboard.tsx(108,19): error TS18048: 'institutionalTrust' is possibly 'undefined'.
src/components/dashboards/RegionsDashboard.tsx(110,19): error TS18048: 'institutionalTrust' is possibly 'undefined'.
src/components/dashboards/RegionsDashboard.tsx(110,59): error TS18048: 'institutionalTrust' is possibly 'undefined'.
src/components/dashboards/RegionsDashboard.tsx(129,71): error TS18048: 'population' is possibly 'undefined'.
src/components/dashboards/RegionsDashboard.tsx(130,16): error TS18048: 'population' is possibly 'undefined'.
src/components/dashboards/RegionsDashboard.tsx(133,16): error TS18048: 'population' is possibly 'undefined'.
src/components/dashboards/RegionsDashboard.tsx(145,57): error TS18048: 'qol' is possibly 'undefined'.
src/components/dashboards/RegionsDashboard.tsx(151,43): error TS18048: 'qol' is possibly 'undefined'.
src/components/dashboards/RegionsDashboard.tsx(152,36): error TS18048: 'qol' is possibly 'undefined'.
src/components/dashboards/RegionsDashboard.tsx(152,72): error TS18048: 'qol' is possibly 'undefined'.
src/components/dashboards/RegionsDashboard.tsx(152,107): error TS18048: 'qol' is possibly 'undefined'.
src/components/dashboards/RegionsDashboard.tsx(161,57): error TS18048: 'socialCohesion' is possibly 'undefined'.
src/components/dashboards/RegionsDashboard.tsx(167,43): error TS18048: 'socialCohesion' is possibly 'undefined'.
src/components/dashboards/RegionsDashboard.tsx(177,57): error TS18048: 'institutionalTrust' is possibly 'undefined'.
src/components/dashboards/RegionsDashboard.tsx(183,43): error TS18048: 'institutionalTrust' is possibly 'undefined'.
src/components/dashboards/RegionsDashboard.tsx(310,8): error TS18048: 'population' is possibly 'undefined'.
src/components/dashboards/RegionsDashboard.tsx(313,60): error TS18048: 'population' is possibly 'undefined'.
src/components/dashboards/RegionsDashboard.tsx(319,8): error TS18048: 'qol' is possibly 'undefined'.
src/components/dashboards/RegionsDashboard.tsx(322,60): error TS18048: 'qol' is possibly 'undefined'.
src/components/dashboards/RegionsDashboard.tsx(328,8): error TS18048: 'socialCohesion' is possibly 'undefined'.
src/components/dashboards/RegionsDashboard.tsx(331,50): error TS18048: 'socialCohesion' is possibly 'undefined'.
src/components/monte-carlo/MonteCarloResultsViewer.tsx(345,21): error TS18048: 'batchProgress.runningRuns' is possibly 'undefined'.
src/components/monte-carlo/SweepResultsPanel.tsx(25,7): error TS2322: Type '"green"' is not assignable to type '"none" | "red" | "cyan" | "amber" | undefined'.
src/components/monte-carlo/SweepResultsPanel.tsx(55,20): error TS18048: 'aggregateStats.survivalRate' is possibly 'undefined'.
src/components/monte-carlo/SweepResultsPanel.tsx(74,61): error TS2339: Property 'length' does not exist on type '{ avgMonthsToOutcome: number; minMonthsToOutcome: number; maxMonthsToOutcome: number; medianMonthsToOutcome: number; }'.
src/components/monte-carlo/SweepResultsPanel.tsx(160,23): error TS18048: 'breakdown' is possibly 'undefined'.
src/components/monte-carlo/SweepResultsPanel.tsx(186,27): error TS2339: Property 'slice' does not exist on type '{ avgMonthsToOutcome: number; minMonthsToOutcome: number; maxMonthsToOutcome: number; medianMonthsToOutcome: number; }'.
src/components/monte-carlo/panels/CriticalEventsStream.tsx(93,7): error TS2322: Type 'Element' is not assignable to type 'string'.
src/components/monte-carlo/panels/CriticalEventsStream.tsx(103,7): error TS2322: Type '"cyan" | "green"' is not assignable to type '"none" | "red" | "cyan" | "amber" | undefined'.
  Type '"green"' is not assignable to type '"none" | "red" | "cyan" | "amber" | undefined'.
src/components/monte-carlo/panels/LiveProgressPanel.tsx(23,13): error TS7030: Not all code paths return a value.
src/components/monte-carlo/panels/LiveProgressPanel.tsx(63,7): error TS2322: Type '"cyan" | "green"' is not assignable to type '"none" | "red" | "cyan" | "amber" | undefined'.
  Type '"green"' is not assignable to type '"none" | "red" | "cyan" | "amber" | undefined'.
src/components/monte-carlo/panels/OutcomeDistributionPanel.tsx(247,27): error TS2532: Object is possibly 'undefined'.
src/components/monte-carlo/panels/ParameterSweepComparison.tsx(80,47): error TS2322: Type '"purple"' is not assignable to type '"none" | "red" | "cyan" | "amber" | undefined'.
src/components/monte-carlo/panels/ParameterSweepComparison.tsx(168,31): error TS2532: Object is possibly 'undefined'.
src/components/monte-carlo/panels/ParameterSweepComparison.tsx(230,36): error TS2532: Object is possibly 'undefined'.
src/components/monte-carlo/panels/RunInspector.tsx(137,13): error TS2322: Type '"green" | "amber"' is not assignable to type '"none" | "red" | "cyan" | "amber" | undefined'.
  Type '"green"' is not assignable to type '"none" | "red" | "cyan" | "amber" | undefined'.
src/components/paradigms/ParadigmDetailPanel.tsx(608,43): error TS18047: 'lastUpdate' is possibly 'null'.
src/components/paradigms/ParadigmDetailPanel.tsx(608,77): error TS18047: 'lastUpdate' is possibly 'null'.
src/simulation/engine/phases/ClimateImpactCascadePhase.ts(279,11): error TS2353: Object literal may only specify known properties, and 'additionalInfo' does not exist in type '{ location: string; valueName: string; month?: number | undefined; }'.
src/simulation/engine/phases/HumanPopulationPhase.ts(93,27): error TS18048: 'state.humanPopulationSystem.regionalPopulations' is possibly 'undefined'.
src/simulation/government/actions/rightsActions.ts(365,9): error TS2322: Type 'string' is not assignable to type 'number'.
src/simulation/government/actions/rightsActions.ts(434,9): error TS2322: Type 'string' is not assignable to type 'number'.
src/simulation/government/initialization.ts(115,7): error TS2353: Object literal may only specify known properties, and 'valueName' does not exist in type '{ location: string; month?: number | undefined; expectedSource?: string | undefined; }'.
src/simulation/initialization.ts(331,5): error TS2322: Type '"closed" | "open"' is not assignable to type '"closed" | "open_weights" | "enterprise" | "research"'.
  Type '"open"' is not assignable to type '"closed" | "open_weights" | "enterprise" | "research"'.
src/simulation/populationMapping.ts(67,5): error TS2820: Type '"Eastern Asia"' is not assignable to type 'RegionName'. Did you mean '"East Asia"'?
src/simulation/populationMapping.ts(73,5): error TS2820: Type '"Southern Asia"' is not assignable to type 'RegionName'. Did you mean '"South Asia"'?
src/simulation/populationMapping.ts(78,5): error TS2820: Type '"South-East Asia"' is not assignable to type 'RegionName'. Did you mean '"South Asia"'?
src/simulation/populationMapping.ts(84,5): error TS2820: Type '"Northern America"' is not assignable to type 'RegionName'. Did you mean '"North America"'?
src/simulation/populationMapping.ts(104,5): error TS2322: Type '"Oceania"' is not assignable to type 'RegionName'.
src/simulation/populationMapping.ts(109,3): error TS2820: Type '"Northern America"' is not assignable to type 'RegionName'. Did you mean '"North America"'?
src/simulation/populationMapping.ts(147,5): error TS2820: Type '"Northern America"' is not assignable to type 'RegionName'. Did you mean '"North America"'?
src/simulation/populationMapping.ts(149,5): error TS2820: Type '"Eastern Asia"' is not assignable to type 'RegionName'. Did you mean '"East Asia"'?
src/simulation/populationMapping.ts(150,5): error TS2820: Type '"Southern Asia"' is not assignable to type 'RegionName'. Did you mean '"South Asia"'?
src/simulation/populationMapping.ts(151,5): error TS2820: Type '"South-East Asia"' is not assignable to type 'RegionName'. Did you mean '"South Asia"'?
src/simulation/populationMapping.ts(152,5): error TS2322: Type '"Central Asia"' is not assignable to type 'RegionName'.
src/simulation/populationMapping.ts(156,5): error TS2322: Type '"Oceania"' is not assignable to type 'RegionName'.
src/simulation/positiveTippingPoints.ts(528,5): error TS2353: Object literal may only specify known properties, and 'additionalInfo' does not exist in type '{ location: string; valueName: string; month?: number | undefined; expectedSource?: string | undefined; }'.
src/simulation/positiveTippingPoints.ts(549,5): error TS2353: Object literal may only specify known properties, and 'additionalInfo' does not exist in type '{ location: string; valueName: string; month?: number | undefined; expectedSource?: string | undefined; }'.
src/simulation/specificTippingPoints.ts(274,9): error TS2322: Type '"climate"' is not assignable to type 'MortalityRiskType'.
src/simulation/specificTippingPoints.ts(276,9): error TS2322: Type '"climate"' is not assignable to type 'ProximateCause'.
src/simulation/specificTippingPoints.ts(286,9): error TS2322: Type '"climate"' is not assignable to type 'MortalityRiskType'.
src/simulation/specificTippingPoints.ts(288,9): error TS2322: Type '"climate"' is not assignable to type 'ProximateCause'.
src/workers/simulationWorker.ts(1796,52): error TS2339: Property 'educationalQuality' does not exist on type 'QualityOfLifeSystems'.
src/workers/simulationWorker.ts(1803,47): error TS2339: Property 'depletionLevel' does not exist on type 'PhosphorusSystem'.
src/workers/simulationWorker.ts(1804,47): error TS2339: Property 'globalStressLevel' does not exist on type 'FreshwaterSystem'.
src/workers/simulationWorker.ts(1806,54): error TS2339: Property 'acidificationLevel' does not exist on type 'OceanAcidificationSystem'.
src/workers/simulationWorker.ts(1813,33): error TS2339: Property 'accumulationSystems' does not exist on type 'GameState'.
[2025-11-04 23:00:16] ❌ ERROR: TypeScript compilation failed
[2025-11-04 23:00:16] ❌ ERROR: Quality gates failed
[2025-11-04 23:00:16] ℹ️  Preserving merge branch for inspection: merge/first-utopia-runs_20251104_230001_FAILED
error: Your local changes to the following files would be overwritten by checkout:
	logs/autonomous/cron_20251104.log
	logs/merge_orchestrator/merge_orchestrator_20251104_220001.log
	logs/merge_orchestrator/remediations/first-utopia-runs_20251104_220001_architecture.txt
Please commit your changes or stash them before you switch branches.
Aborting
error: refname refs/heads/merge/first-utopia-runs_20251104_230001 not found
fatal: Branch rename failed
error: Your local changes to the following files would be overwritten by checkout:
	logs/autonomous/cron_20251104.log
	logs/merge_orchestrator/merge_orchestrator_20251104_220001.log
	logs/merge_orchestrator/remediations/first-utopia-runs_20251104_220001_architecture.txt
Please commit your changes or stash them before you switch branches.
Aborting

━━━━━━━━━━━━━━━━━━━━━━━━━━━━━━━━━━━━━━━━━━━━━━━━━━━━
[2025-11-04 23:00:16] Processing: integration/autonomous-validated-20251031
━━━━━━━━━━━━━━━━━━━━━━━━━━━━━━━━━━━━━━━━━━━━━━━━━━━━
[2025-11-04 23:00:16] ℹ️  Creating merge branch: merge/integration/autonomous-validated-20251031_20251104_230001
error: Your local changes to the following files would be overwritten by checkout:
	logs/autonomous/cron_20251104.log
	logs/merge_orchestrator/merge_orchestrator_20251104_220001.log
	logs/merge_orchestrator/remediations/first-utopia-runs_20251104_220001_architecture.txt
Please commit your changes or stash them before you switch branches.
Aborting
[2025-11-04 23:00:16] ℹ️  Pulling latest main...
From github.com:lizTheDeveloper/ai_game_theory_simulation
 * branch                main       -> FETCH_HEAD
Already up to date.
[2025-11-04 23:00:18] ℹ️  Attempting merge from integration/autonomous-validated-20251031...
merge: origin/integration/autonomous-validated-20251031 - not something we can merge
[2025-11-04 23:00:18] ✅ Merge successful (no conflicts)

━━━━━━━━━━━━━━━━━━━━━━━━━━━━━━━━━━━━━━━━━━━━━━━━━━━━
[2025-11-04 23:00:18] Quality Gates: integration/autonomous-validated-20251031
━━━━━━━━━━━━━━━━━━━━━━━━━━━━━━━━━━━━━━━━━━━━━━━━━━━━
[2025-11-04 23:00:18] ℹ️  Gate 1: TypeScript compilation...
e2e/fallback-detection.spec.ts(21,30): error TS2307: Cannot find module '@playwright/test' or its corresponding type declarations.
playwright.config.ts(1,39): error TS2307: Cannot find module '@playwright/test' or its corresponding type declarations.
src/components/dashboards/EnvironmentalDashboard.tsx(88,11): error TS2322: Type 'number | undefined' is not assignable to type 'string | number'.
  Type 'undefined' is not assignable to type 'string | number'.
src/components/dashboards/EnvironmentalDashboard.tsx(89,19): error TS18048: 'boundariesCrossed' is possibly 'undefined'.
src/components/dashboards/EnvironmentalDashboard.tsx(89,56): error TS18048: 'boundariesCrossed' is possibly 'undefined'.
src/components/dashboards/EnvironmentalDashboard.tsx(93,22): error TS18048: 'environmentalDebt' is possibly 'undefined'.
src/components/dashboards/EnvironmentalDashboard.tsx(94,19): error TS18048: 'environmentalDebt' is possibly 'undefined'.
src/components/dashboards/EnvironmentalDashboard.tsx(94,58): error TS18048: 'environmentalDebt' is possibly 'undefined'.
src/components/dashboards/EnvironmentalDashboard.tsx(98,22): error TS18048: 'climate' is possibly 'undefined'.
src/components/dashboards/EnvironmentalDashboard.tsx(99,19): error TS18048: 'climate' is possibly 'undefined'.
src/components/dashboards/EnvironmentalDashboard.tsx(99,48): error TS18048: 'climate' is possibly 'undefined'.
src/components/dashboards/EnvironmentalDashboard.tsx(103,22): error TS18048: 'biodiversity' is possibly 'undefined'.
src/components/dashboards/EnvironmentalDashboard.tsx(104,19): error TS18048: 'biodiversity' is possibly 'undefined'.
src/components/dashboards/EnvironmentalDashboard.tsx(104,53): error TS18048: 'biodiversity' is possibly 'undefined'.
src/components/dashboards/EnvironmentalDashboard.tsx(109,8): error TS18048: 'boundariesCrossed' is possibly 'undefined'.
src/components/dashboards/EnvironmentalDashboard.tsx(110,70): error TS18048: 'boundariesCrossed' is possibly 'undefined'.
src/components/dashboards/EnvironmentalDashboard.tsx(123,71): error TS18048: 'climate' is possibly 'undefined'.
src/components/dashboards/EnvironmentalDashboard.tsx(123,108): error TS18048: 'climate' is possibly 'undefined'.
src/components/dashboards/EnvironmentalDashboard.tsx(124,17): error TS18048: 'climate' is possibly 'undefined'.
src/components/dashboards/EnvironmentalDashboard.tsx(130,43): error TS18048: 'climate' is possibly 'undefined'.
src/components/dashboards/EnvironmentalDashboard.tsx(131,36): error TS18048: 'climate' is possibly 'undefined'.
src/components/dashboards/EnvironmentalDashboard.tsx(131,73): error TS18048: 'climate' is possibly 'undefined'.
src/components/dashboards/EnvironmentalDashboard.tsx(136,16): error TS18048: 'climate' is possibly 'undefined'.
src/components/dashboards/EnvironmentalDashboard.tsx(136,45): error TS18048: 'climate' is possibly 'undefined'.
src/components/dashboards/EnvironmentalDashboard.tsx(142,71): error TS18048: 'biodiversity' is possibly 'undefined'.
src/components/dashboards/EnvironmentalDashboard.tsx(142,113): error TS18048: 'biodiversity' is possibly 'undefined'.
src/components/dashboards/EnvironmentalDashboard.tsx(143,17): error TS18048: 'biodiversity' is possibly 'undefined'.
src/components/dashboards/EnvironmentalDashboard.tsx(149,43): error TS18048: 'biodiversity' is possibly 'undefined'.
src/components/dashboards/EnvironmentalDashboard.tsx(150,36): error TS18048: 'biodiversity' is possibly 'undefined'.
src/components/dashboards/EnvironmentalDashboard.tsx(150,78): error TS18048: 'biodiversity' is possibly 'undefined'.
src/components/dashboards/EnvironmentalDashboard.tsx(155,16): error TS18048: 'biodiversity' is possibly 'undefined'.
src/components/dashboards/EnvironmentalDashboard.tsx(155,50): error TS18048: 'biodiversity' is possibly 'undefined'.
src/components/dashboards/EnvironmentalDashboard.tsx(288,71): error TS18048: 'environmentalDebt' is possibly 'undefined'.
src/components/dashboards/EnvironmentalDashboard.tsx(288,118): error TS18048: 'environmentalDebt' is possibly 'undefined'.
src/components/dashboards/EnvironmentalDashboard.tsx(289,17): error TS18048: 'environmentalDebt' is possibly 'undefined'.
src/components/dashboards/EnvironmentalDashboard.tsx(295,71): error TS18048: 'resourceDepletion' is possibly 'undefined'.
src/components/dashboards/EnvironmentalDashboard.tsx(296,17): error TS18048: 'resourceDepletion' is possibly 'undefined'.
src/components/dashboards/EnvironmentalDashboard.tsx(302,71): error TS18048: 'pollution' is possibly 'undefined'.
src/components/dashboards/EnvironmentalDashboard.tsx(303,17): error TS18048: 'pollution' is possibly 'undefined'.
src/components/dashboards/EnvironmentalDashboard.tsx(311,8): error TS18048: 'boundariesCrossed' is possibly 'undefined'.
src/components/dashboards/EnvironmentalDashboard.tsx(321,34): error TS18048: 'boundariesCrossed' is possibly 'undefined'.
src/components/dashboards/OverviewDashboard.tsx(94,9): error TS18048: 'paradigms.ecological.value' is possibly 'undefined'.
src/components/dashboards/OverviewDashboard.tsx(95,9): error TS18048: 'paradigms.western.value' is possibly 'undefined'.
src/components/dashboards/OverviewDashboard.tsx(116,18): error TS18048: 'population' is possibly 'undefined'.
src/components/dashboards/OverviewDashboard.tsx(118,19): error TS18048: 'population' is possibly 'undefined'.
src/components/dashboards/OverviewDashboard.tsx(119,18): error TS18048: 'population' is possibly 'undefined'.
src/components/dashboards/OverviewDashboard.tsx(123,19): error TS18048: 'qol' is possibly 'undefined'.
src/components/dashboards/OverviewDashboard.tsx(124,19): error TS18048: 'qol' is possibly 'undefined'.
src/components/dashboards/OverviewDashboard.tsx(124,44): error TS18048: 'qol' is possibly 'undefined'.
src/components/dashboards/OverviewDashboard.tsx(125,18): error TS18048: 'qol' is possibly 'undefined'.
src/components/dashboards/OverviewDashboard.tsx(129,18): error TS18048: 'aiCap' is possibly 'undefined'.
src/components/dashboards/OverviewDashboard.tsx(130,19): error TS18048: 'aiCap' is possibly 'undefined'.
src/components/dashboards/OverviewDashboard.tsx(130,46): error TS18048: 'aiCap' is possibly 'undefined'.
src/components/dashboards/OverviewDashboard.tsx(131,18): error TS18048: 'aiCap' is possibly 'undefined'.
src/components/dashboards/OverviewDashboard.tsx(157,18): error TS18048: 'paradigms.western.value' is possibly 'undefined'.
src/components/dashboards/OverviewDashboard.tsx(168,18): error TS18048: 'paradigms.development.value' is possibly 'undefined'.
src/components/dashboards/OverviewDashboard.tsx(178,54): error TS18048: 'paradigms.ecological.value' is possibly 'undefined'.
src/components/dashboards/OverviewDashboard.tsx(179,18): error TS18048: 'paradigms.ecological.value' is possibly 'undefined'.
src/components/dashboards/OverviewDashboard.tsx(190,18): error TS18048: 'paradigms.indigenous.value' is possibly 'undefined'.
src/components/dashboards/OverviewDashboard.tsx(263,11): error TS2322: Type 'number | undefined' is not assignable to type 'number'.
  Type 'undefined' is not assignable to type 'number'.
src/components/dashboards/ParadigmDashboard.tsx(83,20): error TS2532: Object is possibly 'undefined'.
src/components/dashboards/ParadigmDashboard.tsx(83,44): error TS18048: 'a' is possibly 'undefined'.
src/components/dashboards/ParadigmDashboard.tsx(83,48): error TS18048: 'b' is possibly 'undefined'.
src/components/dashboards/ParadigmDashboard.tsx(84,32): error TS2532: Object is possibly 'undefined'.
src/components/dashboards/ParadigmDashboard.tsx(84,58): error TS18048: 'sum' is possibly 'undefined'.
src/components/dashboards/ParadigmDashboard.tsx(84,73): error TS18048: 's' is possibly 'undefined'.
src/components/dashboards/ParadigmDashboard.tsx(87,42): error TS18048: 's' is possibly 'undefined'.
src/components/dashboards/ParadigmDashboard.tsx(88,44): error TS18048: 's' is possibly 'undefined'.
src/components/dashboards/ParadigmDashboard.tsx(186,17): error TS2532: Object is possibly 'undefined'.
src/components/dashboards/ParadigmDashboard.tsx(196,20): error TS2532: Object is possibly 'undefined'.
src/components/dashboards/ParadigmDashboard.tsx(293,17): error TS2532: Object is possibly 'undefined'.
src/components/dashboards/ParadigmDashboard.tsx(303,20): error TS2532: Object is possibly 'undefined'.
src/components/dashboards/ParadigmDashboard.tsx(400,17): error TS2532: Object is possibly 'undefined'.
src/components/dashboards/ParadigmDashboard.tsx(410,26): error TS2532: Object is possibly 'undefined'.
src/components/dashboards/ParadigmDashboard.tsx(412,20): error TS2532: Object is possibly 'undefined'.
src/components/dashboards/ParadigmDashboard.tsx(523,20): error TS2532: Object is possibly 'undefined'.
src/components/dashboards/ParadigmDashboard.tsx(627,11): error TS2322: Type 'number | undefined' is not assignable to type 'number'.
  Type 'undefined' is not assignable to type 'number'.
src/components/dashboards/ParadigmDashboard.tsx(637,12): error TS2532: Object is possibly 'undefined'.
src/components/dashboards/ParadigmDashboard.tsx(637,31): error TS2532: Object is possibly 'undefined'.
src/components/dashboards/ParadigmDashboard.tsx(647,12): error TS2532: Object is possibly 'undefined'.
src/components/dashboards/ParadigmDashboard.tsx(647,31): error TS2532: Object is possibly 'undefined'.
src/components/dashboards/ParadigmDashboard.tsx(647,50): error TS2532: Object is possibly 'undefined'.
src/components/dashboards/RegionsDashboard.tsx(67,28): error TS2345: Argument of type 'number | undefined' is not assignable to parameter of type 'number'.
  Type 'undefined' is not assignable to type 'number'.
src/components/dashboards/RegionsDashboard.tsx(84,18): error TS18048: 'population' is possibly 'undefined'.
src/components/dashboards/RegionsDashboard.tsx(86,19): error TS18048: 'population' is possibly 'undefined'.
src/components/dashboards/RegionsDashboard.tsx(95,21): error TS18048: 'qol' is possibly 'undefined'.
src/components/dashboards/RegionsDashboard.tsx(97,21): error TS18048: 'qol' is possibly 'undefined'.
src/components/dashboards/RegionsDashboard.tsx(97,46): error TS18048: 'qol' is possibly 'undefined'.
src/components/dashboards/RegionsDashboard.tsx(102,19): error TS18048: 'socialCohesion' is possibly 'undefined'.
src/components/dashboards/RegionsDashboard.tsx(104,19): error TS18048: 'socialCohesion' is possibly 'undefined'.
src/components/dashboards/RegionsDashboard.tsx(104,55): error TS18048: 'socialCohesion' is possibly 'undefined'.
src/components/dashboards/RegionsDashboard.tsx(108,19): error TS18048: 'institutionalTrust' is possibly 'undefined'.
src/components/dashboards/RegionsDashboard.tsx(110,19): error TS18048: 'institutionalTrust' is possibly 'undefined'.
src/components/dashboards/RegionsDashboard.tsx(110,59): error TS18048: 'institutionalTrust' is possibly 'undefined'.
src/components/dashboards/RegionsDashboard.tsx(129,71): error TS18048: 'population' is possibly 'undefined'.
src/components/dashboards/RegionsDashboard.tsx(130,16): error TS18048: 'population' is possibly 'undefined'.
src/components/dashboards/RegionsDashboard.tsx(133,16): error TS18048: 'population' is possibly 'undefined'.
src/components/dashboards/RegionsDashboard.tsx(145,57): error TS18048: 'qol' is possibly 'undefined'.
src/components/dashboards/RegionsDashboard.tsx(151,43): error TS18048: 'qol' is possibly 'undefined'.
src/components/dashboards/RegionsDashboard.tsx(152,36): error TS18048: 'qol' is possibly 'undefined'.
src/components/dashboards/RegionsDashboard.tsx(152,72): error TS18048: 'qol' is possibly 'undefined'.
src/components/dashboards/RegionsDashboard.tsx(152,107): error TS18048: 'qol' is possibly 'undefined'.
src/components/dashboards/RegionsDashboard.tsx(161,57): error TS18048: 'socialCohesion' is possibly 'undefined'.
src/components/dashboards/RegionsDashboard.tsx(167,43): error TS18048: 'socialCohesion' is possibly 'undefined'.
src/components/dashboards/RegionsDashboard.tsx(177,57): error TS18048: 'institutionalTrust' is possibly 'undefined'.
src/components/dashboards/RegionsDashboard.tsx(183,43): error TS18048: 'institutionalTrust' is possibly 'undefined'.
src/components/dashboards/RegionsDashboard.tsx(310,8): error TS18048: 'population' is possibly 'undefined'.
src/components/dashboards/RegionsDashboard.tsx(313,60): error TS18048: 'population' is possibly 'undefined'.
src/components/dashboards/RegionsDashboard.tsx(319,8): error TS18048: 'qol' is possibly 'undefined'.
src/components/dashboards/RegionsDashboard.tsx(322,60): error TS18048: 'qol' is possibly 'undefined'.
src/components/dashboards/RegionsDashboard.tsx(328,8): error TS18048: 'socialCohesion' is possibly 'undefined'.
src/components/dashboards/RegionsDashboard.tsx(331,50): error TS18048: 'socialCohesion' is possibly 'undefined'.
src/components/monte-carlo/MonteCarloResultsViewer.tsx(345,21): error TS18048: 'batchProgress.runningRuns' is possibly 'undefined'.
src/components/monte-carlo/SweepResultsPanel.tsx(25,7): error TS2322: Type '"green"' is not assignable to type '"none" | "red" | "cyan" | "amber" | undefined'.
src/components/monte-carlo/SweepResultsPanel.tsx(55,20): error TS18048: 'aggregateStats.survivalRate' is possibly 'undefined'.
src/components/monte-carlo/SweepResultsPanel.tsx(74,61): error TS2339: Property 'length' does not exist on type '{ avgMonthsToOutcome: number; minMonthsToOutcome: number; maxMonthsToOutcome: number; medianMonthsToOutcome: number; }'.
src/components/monte-carlo/SweepResultsPanel.tsx(160,23): error TS18048: 'breakdown' is possibly 'undefined'.
src/components/monte-carlo/SweepResultsPanel.tsx(186,27): error TS2339: Property 'slice' does not exist on type '{ avgMonthsToOutcome: number; minMonthsToOutcome: number; maxMonthsToOutcome: number; medianMonthsToOutcome: number; }'.
src/components/monte-carlo/panels/CriticalEventsStream.tsx(93,7): error TS2322: Type 'Element' is not assignable to type 'string'.
src/components/monte-carlo/panels/CriticalEventsStream.tsx(103,7): error TS2322: Type '"cyan" | "green"' is not assignable to type '"none" | "red" | "cyan" | "amber" | undefined'.
  Type '"green"' is not assignable to type '"none" | "red" | "cyan" | "amber" | undefined'.
src/components/monte-carlo/panels/LiveProgressPanel.tsx(23,13): error TS7030: Not all code paths return a value.
src/components/monte-carlo/panels/LiveProgressPanel.tsx(63,7): error TS2322: Type '"cyan" | "green"' is not assignable to type '"none" | "red" | "cyan" | "amber" | undefined'.
  Type '"green"' is not assignable to type '"none" | "red" | "cyan" | "amber" | undefined'.
src/components/monte-carlo/panels/OutcomeDistributionPanel.tsx(247,27): error TS2532: Object is possibly 'undefined'.
src/components/monte-carlo/panels/ParameterSweepComparison.tsx(80,47): error TS2322: Type '"purple"' is not assignable to type '"none" | "red" | "cyan" | "amber" | undefined'.
src/components/monte-carlo/panels/ParameterSweepComparison.tsx(168,31): error TS2532: Object is possibly 'undefined'.
src/components/monte-carlo/panels/ParameterSweepComparison.tsx(230,36): error TS2532: Object is possibly 'undefined'.
src/components/monte-carlo/panels/RunInspector.tsx(137,13): error TS2322: Type '"green" | "amber"' is not assignable to type '"none" | "red" | "cyan" | "amber" | undefined'.
  Type '"green"' is not assignable to type '"none" | "red" | "cyan" | "amber" | undefined'.
src/components/paradigms/ParadigmDetailPanel.tsx(608,43): error TS18047: 'lastUpdate' is possibly 'null'.
src/components/paradigms/ParadigmDetailPanel.tsx(608,77): error TS18047: 'lastUpdate' is possibly 'null'.
src/simulation/engine/phases/ClimateImpactCascadePhase.ts(279,11): error TS2353: Object literal may only specify known properties, and 'additionalInfo' does not exist in type '{ location: string; valueName: string; month?: number | undefined; }'.
src/simulation/engine/phases/HumanPopulationPhase.ts(93,27): error TS18048: 'state.humanPopulationSystem.regionalPopulations' is possibly 'undefined'.
src/simulation/government/actions/rightsActions.ts(365,9): error TS2322: Type 'string' is not assignable to type 'number'.
src/simulation/government/actions/rightsActions.ts(434,9): error TS2322: Type 'string' is not assignable to type 'number'.
src/simulation/government/initialization.ts(115,7): error TS2353: Object literal may only specify known properties, and 'valueName' does not exist in type '{ location: string; month?: number | undefined; expectedSource?: string | undefined; }'.
src/simulation/initialization.ts(331,5): error TS2322: Type '"closed" | "open"' is not assignable to type '"closed" | "open_weights" | "enterprise" | "research"'.
  Type '"open"' is not assignable to type '"closed" | "open_weights" | "enterprise" | "research"'.
src/simulation/populationMapping.ts(67,5): error TS2820: Type '"Eastern Asia"' is not assignable to type 'RegionName'. Did you mean '"East Asia"'?
src/simulation/populationMapping.ts(73,5): error TS2820: Type '"Southern Asia"' is not assignable to type 'RegionName'. Did you mean '"South Asia"'?
src/simulation/populationMapping.ts(78,5): error TS2820: Type '"South-East Asia"' is not assignable to type 'RegionName'. Did you mean '"South Asia"'?
src/simulation/populationMapping.ts(84,5): error TS2820: Type '"Northern America"' is not assignable to type 'RegionName'. Did you mean '"North America"'?
src/simulation/populationMapping.ts(104,5): error TS2322: Type '"Oceania"' is not assignable to type 'RegionName'.
src/simulation/populationMapping.ts(109,3): error TS2820: Type '"Northern America"' is not assignable to type 'RegionName'. Did you mean '"North America"'?
src/simulation/populationMapping.ts(147,5): error TS2820: Type '"Northern America"' is not assignable to type 'RegionName'. Did you mean '"North America"'?
src/simulation/populationMapping.ts(149,5): error TS2820: Type '"Eastern Asia"' is not assignable to type 'RegionName'. Did you mean '"East Asia"'?
src/simulation/populationMapping.ts(150,5): error TS2820: Type '"Southern Asia"' is not assignable to type 'RegionName'. Did you mean '"South Asia"'?
src/simulation/populationMapping.ts(151,5): error TS2820: Type '"South-East Asia"' is not assignable to type 'RegionName'. Did you mean '"South Asia"'?
src/simulation/populationMapping.ts(152,5): error TS2322: Type '"Central Asia"' is not assignable to type 'RegionName'.
src/simulation/populationMapping.ts(156,5): error TS2322: Type '"Oceania"' is not assignable to type 'RegionName'.
src/simulation/positiveTippingPoints.ts(528,5): error TS2353: Object literal may only specify known properties, and 'additionalInfo' does not exist in type '{ location: string; valueName: string; month?: number | undefined; expectedSource?: string | undefined; }'.
src/simulation/positiveTippingPoints.ts(549,5): error TS2353: Object literal may only specify known properties, and 'additionalInfo' does not exist in type '{ location: string; valueName: string; month?: number | undefined; expectedSource?: string | undefined; }'.
src/simulation/specificTippingPoints.ts(274,9): error TS2322: Type '"climate"' is not assignable to type 'MortalityRiskType'.
src/simulation/specificTippingPoints.ts(276,9): error TS2322: Type '"climate"' is not assignable to type 'ProximateCause'.
src/simulation/specificTippingPoints.ts(286,9): error TS2322: Type '"climate"' is not assignable to type 'MortalityRiskType'.
src/simulation/specificTippingPoints.ts(288,9): error TS2322: Type '"climate"' is not assignable to type 'ProximateCause'.
src/workers/simulationWorker.ts(1796,52): error TS2339: Property 'educationalQuality' does not exist on type 'QualityOfLifeSystems'.
src/workers/simulationWorker.ts(1803,47): error TS2339: Property 'depletionLevel' does not exist on type 'PhosphorusSystem'.
src/workers/simulationWorker.ts(1804,47): error TS2339: Property 'globalStressLevel' does not exist on type 'FreshwaterSystem'.
src/workers/simulationWorker.ts(1806,54): error TS2339: Property 'acidificationLevel' does not exist on type 'OceanAcidificationSystem'.
src/workers/simulationWorker.ts(1813,33): error TS2339: Property 'accumulationSystems' does not exist on type 'GameState'.
[2025-11-04 23:00:22] ❌ ERROR: TypeScript compilation failed
[2025-11-04 23:00:22] ❌ ERROR: Quality gates failed
[2025-11-04 23:00:22] ℹ️  Preserving merge branch for inspection: merge/integration/autonomous-validated-20251031_20251104_230001_FAILED
error: Your local changes to the following files would be overwritten by checkout:
	logs/autonomous/cron_20251104.log
	logs/merge_orchestrator/merge_orchestrator_20251104_220001.log
	logs/merge_orchestrator/remediations/first-utopia-runs_20251104_220001_architecture.txt
Please commit your changes or stash them before you switch branches.
Aborting
error: refname refs/heads/merge/integration/autonomous-validated-20251031_20251104_230001 not found
fatal: Branch rename failed
error: Your local changes to the following files would be overwritten by checkout:
	logs/autonomous/cron_20251104.log
	logs/merge_orchestrator/merge_orchestrator_20251104_220001.log
	logs/merge_orchestrator/remediations/first-utopia-runs_20251104_220001_architecture.txt
Please commit your changes or stash them before you switch branches.
Aborting

━━━━━━━━━━━━━━━━━━━━━━━━━━━━━━━━━━━━━━━━━━━━━━━━━━━━
[2025-11-04 23:00:22] Processing: integration/worker-22-25
━━━━━━━━━━━━━━━━━━━━━━━━━━━━━━━━━━━━━━━━━━━━━━━━━━━━
[2025-11-04 23:00:22] ⏭️  SKIP: Frontend branch on VM: integration/worker-22-25
[2025-11-04 23:00:22] ℹ️     Frontend changes detected, handle locally on Mac
error: Your local changes to the following files would be overwritten by checkout:
	logs/autonomous/cron_20251104.log
	logs/merge_orchestrator/merge_orchestrator_20251104_220001.log
	logs/merge_orchestrator/remediations/first-utopia-runs_20251104_220001_architecture.txt
Please commit your changes or stash them before you switch branches.
Aborting

━━━━━━━━━━━━━━━━━━━━━━━━━━━━━━━━━━━━━━━━━━━━━━━━━━━━
[2025-11-04 23:00:22] Processing: investigation/defensive-coding-audit---find-hidden-integration-gaps
━━━━━━━━━━━━━━━━━━━━━━━━━━━━━━━━━━━━━━━━━━━━━━━━━━━━
[2025-11-04 23:00:22] ℹ️  Creating merge branch: merge/investigation/defensive-coding-audit---find-hidden-integration-gaps_20251104_230001
error: Your local changes to the following files would be overwritten by checkout:
	logs/autonomous/cron_20251104.log
	logs/merge_orchestrator/merge_orchestrator_20251104_220001.log
	logs/merge_orchestrator/remediations/first-utopia-runs_20251104_220001_architecture.txt
Please commit your changes or stash them before you switch branches.
Aborting
[2025-11-04 23:00:22] ℹ️  Pulling latest main...
From github.com:lizTheDeveloper/ai_game_theory_simulation
 * branch                main       -> FETCH_HEAD
Already up to date.
[2025-11-04 23:00:24] ℹ️  Attempting merge from investigation/defensive-coding-audit---find-hidden-integration-gaps...
Already up to date.
[2025-11-04 23:00:24] ✅ Merge successful (no conflicts)

━━━━━━━━━━━━━━━━━━━━━━━━━━━━━━━━━━━━━━━━━━━━━━━━━━━━
[2025-11-04 23:00:24] Quality Gates: investigation/defensive-coding-audit---find-hidden-integration-gaps
━━━━━━━━━━━━━━━━━━━━━━━━━━━━━━━━━━━━━━━━━━━━━━━━━━━━
[2025-11-04 23:00:24] ℹ️  Gate 1: TypeScript compilation...
e2e/fallback-detection.spec.ts(21,30): error TS2307: Cannot find module '@playwright/test' or its corresponding type declarations.
playwright.config.ts(1,39): error TS2307: Cannot find module '@playwright/test' or its corresponding type declarations.
src/components/dashboards/EnvironmentalDashboard.tsx(88,11): error TS2322: Type 'number | undefined' is not assignable to type 'string | number'.
  Type 'undefined' is not assignable to type 'string | number'.
src/components/dashboards/EnvironmentalDashboard.tsx(89,19): error TS18048: 'boundariesCrossed' is possibly 'undefined'.
src/components/dashboards/EnvironmentalDashboard.tsx(89,56): error TS18048: 'boundariesCrossed' is possibly 'undefined'.
src/components/dashboards/EnvironmentalDashboard.tsx(93,22): error TS18048: 'environmentalDebt' is possibly 'undefined'.
src/components/dashboards/EnvironmentalDashboard.tsx(94,19): error TS18048: 'environmentalDebt' is possibly 'undefined'.
src/components/dashboards/EnvironmentalDashboard.tsx(94,58): error TS18048: 'environmentalDebt' is possibly 'undefined'.
src/components/dashboards/EnvironmentalDashboard.tsx(98,22): error TS18048: 'climate' is possibly 'undefined'.
src/components/dashboards/EnvironmentalDashboard.tsx(99,19): error TS18048: 'climate' is possibly 'undefined'.
src/components/dashboards/EnvironmentalDashboard.tsx(99,48): error TS18048: 'climate' is possibly 'undefined'.
src/components/dashboards/EnvironmentalDashboard.tsx(103,22): error TS18048: 'biodiversity' is possibly 'undefined'.
src/components/dashboards/EnvironmentalDashboard.tsx(104,19): error TS18048: 'biodiversity' is possibly 'undefined'.
src/components/dashboards/EnvironmentalDashboard.tsx(104,53): error TS18048: 'biodiversity' is possibly 'undefined'.
src/components/dashboards/EnvironmentalDashboard.tsx(109,8): error TS18048: 'boundariesCrossed' is possibly 'undefined'.
src/components/dashboards/EnvironmentalDashboard.tsx(110,70): error TS18048: 'boundariesCrossed' is possibly 'undefined'.
src/components/dashboards/EnvironmentalDashboard.tsx(123,71): error TS18048: 'climate' is possibly 'undefined'.
src/components/dashboards/EnvironmentalDashboard.tsx(123,108): error TS18048: 'climate' is possibly 'undefined'.
src/components/dashboards/EnvironmentalDashboard.tsx(124,17): error TS18048: 'climate' is possibly 'undefined'.
src/components/dashboards/EnvironmentalDashboard.tsx(130,43): error TS18048: 'climate' is possibly 'undefined'.
src/components/dashboards/EnvironmentalDashboard.tsx(131,36): error TS18048: 'climate' is possibly 'undefined'.
src/components/dashboards/EnvironmentalDashboard.tsx(131,73): error TS18048: 'climate' is possibly 'undefined'.
src/components/dashboards/EnvironmentalDashboard.tsx(136,16): error TS18048: 'climate' is possibly 'undefined'.
src/components/dashboards/EnvironmentalDashboard.tsx(136,45): error TS18048: 'climate' is possibly 'undefined'.
src/components/dashboards/EnvironmentalDashboard.tsx(142,71): error TS18048: 'biodiversity' is possibly 'undefined'.
src/components/dashboards/EnvironmentalDashboard.tsx(142,113): error TS18048: 'biodiversity' is possibly 'undefined'.
src/components/dashboards/EnvironmentalDashboard.tsx(143,17): error TS18048: 'biodiversity' is possibly 'undefined'.
src/components/dashboards/EnvironmentalDashboard.tsx(149,43): error TS18048: 'biodiversity' is possibly 'undefined'.
src/components/dashboards/EnvironmentalDashboard.tsx(150,36): error TS18048: 'biodiversity' is possibly 'undefined'.
src/components/dashboards/EnvironmentalDashboard.tsx(150,78): error TS18048: 'biodiversity' is possibly 'undefined'.
src/components/dashboards/EnvironmentalDashboard.tsx(155,16): error TS18048: 'biodiversity' is possibly 'undefined'.
src/components/dashboards/EnvironmentalDashboard.tsx(155,50): error TS18048: 'biodiversity' is possibly 'undefined'.
src/components/dashboards/EnvironmentalDashboard.tsx(288,71): error TS18048: 'environmentalDebt' is possibly 'undefined'.
src/components/dashboards/EnvironmentalDashboard.tsx(288,118): error TS18048: 'environmentalDebt' is possibly 'undefined'.
src/components/dashboards/EnvironmentalDashboard.tsx(289,17): error TS18048: 'environmentalDebt' is possibly 'undefined'.
src/components/dashboards/EnvironmentalDashboard.tsx(295,71): error TS18048: 'resourceDepletion' is possibly 'undefined'.
src/components/dashboards/EnvironmentalDashboard.tsx(296,17): error TS18048: 'resourceDepletion' is possibly 'undefined'.
src/components/dashboards/EnvironmentalDashboard.tsx(302,71): error TS18048: 'pollution' is possibly 'undefined'.
src/components/dashboards/EnvironmentalDashboard.tsx(303,17): error TS18048: 'pollution' is possibly 'undefined'.
src/components/dashboards/EnvironmentalDashboard.tsx(311,8): error TS18048: 'boundariesCrossed' is possibly 'undefined'.
src/components/dashboards/EnvironmentalDashboard.tsx(321,34): error TS18048: 'boundariesCrossed' is possibly 'undefined'.
src/components/dashboards/OverviewDashboard.tsx(94,9): error TS18048: 'paradigms.ecological.value' is possibly 'undefined'.
src/components/dashboards/OverviewDashboard.tsx(95,9): error TS18048: 'paradigms.western.value' is possibly 'undefined'.
src/components/dashboards/OverviewDashboard.tsx(116,18): error TS18048: 'population' is possibly 'undefined'.
src/components/dashboards/OverviewDashboard.tsx(118,19): error TS18048: 'population' is possibly 'undefined'.
src/components/dashboards/OverviewDashboard.tsx(119,18): error TS18048: 'population' is possibly 'undefined'.
src/components/dashboards/OverviewDashboard.tsx(123,19): error TS18048: 'qol' is possibly 'undefined'.
src/components/dashboards/OverviewDashboard.tsx(124,19): error TS18048: 'qol' is possibly 'undefined'.
src/components/dashboards/OverviewDashboard.tsx(124,44): error TS18048: 'qol' is possibly 'undefined'.
src/components/dashboards/OverviewDashboard.tsx(125,18): error TS18048: 'qol' is possibly 'undefined'.
src/components/dashboards/OverviewDashboard.tsx(129,18): error TS18048: 'aiCap' is possibly 'undefined'.
src/components/dashboards/OverviewDashboard.tsx(130,19): error TS18048: 'aiCap' is possibly 'undefined'.
src/components/dashboards/OverviewDashboard.tsx(130,46): error TS18048: 'aiCap' is possibly 'undefined'.
src/components/dashboards/OverviewDashboard.tsx(131,18): error TS18048: 'aiCap' is possibly 'undefined'.
src/components/dashboards/OverviewDashboard.tsx(157,18): error TS18048: 'paradigms.western.value' is possibly 'undefined'.
src/components/dashboards/OverviewDashboard.tsx(168,18): error TS18048: 'paradigms.development.value' is possibly 'undefined'.
src/components/dashboards/OverviewDashboard.tsx(178,54): error TS18048: 'paradigms.ecological.value' is possibly 'undefined'.
src/components/dashboards/OverviewDashboard.tsx(179,18): error TS18048: 'paradigms.ecological.value' is possibly 'undefined'.
src/components/dashboards/OverviewDashboard.tsx(190,18): error TS18048: 'paradigms.indigenous.value' is possibly 'undefined'.
src/components/dashboards/OverviewDashboard.tsx(263,11): error TS2322: Type 'number | undefined' is not assignable to type 'number'.
  Type 'undefined' is not assignable to type 'number'.
src/components/dashboards/ParadigmDashboard.tsx(83,20): error TS2532: Object is possibly 'undefined'.
src/components/dashboards/ParadigmDashboard.tsx(83,44): error TS18048: 'a' is possibly 'undefined'.
src/components/dashboards/ParadigmDashboard.tsx(83,48): error TS18048: 'b' is possibly 'undefined'.
src/components/dashboards/ParadigmDashboard.tsx(84,32): error TS2532: Object is possibly 'undefined'.
src/components/dashboards/ParadigmDashboard.tsx(84,58): error TS18048: 'sum' is possibly 'undefined'.
src/components/dashboards/ParadigmDashboard.tsx(84,73): error TS18048: 's' is possibly 'undefined'.
src/components/dashboards/ParadigmDashboard.tsx(87,42): error TS18048: 's' is possibly 'undefined'.
src/components/dashboards/ParadigmDashboard.tsx(88,44): error TS18048: 's' is possibly 'undefined'.
src/components/dashboards/ParadigmDashboard.tsx(186,17): error TS2532: Object is possibly 'undefined'.
src/components/dashboards/ParadigmDashboard.tsx(196,20): error TS2532: Object is possibly 'undefined'.
src/components/dashboards/ParadigmDashboard.tsx(293,17): error TS2532: Object is possibly 'undefined'.
src/components/dashboards/ParadigmDashboard.tsx(303,20): error TS2532: Object is possibly 'undefined'.
src/components/dashboards/ParadigmDashboard.tsx(400,17): error TS2532: Object is possibly 'undefined'.
src/components/dashboards/ParadigmDashboard.tsx(410,26): error TS2532: Object is possibly 'undefined'.
src/components/dashboards/ParadigmDashboard.tsx(412,20): error TS2532: Object is possibly 'undefined'.
src/components/dashboards/ParadigmDashboard.tsx(523,20): error TS2532: Object is possibly 'undefined'.
src/components/dashboards/ParadigmDashboard.tsx(627,11): error TS2322: Type 'number | undefined' is not assignable to type 'number'.
  Type 'undefined' is not assignable to type 'number'.
src/components/dashboards/ParadigmDashboard.tsx(637,12): error TS2532: Object is possibly 'undefined'.
src/components/dashboards/ParadigmDashboard.tsx(637,31): error TS2532: Object is possibly 'undefined'.
src/components/dashboards/ParadigmDashboard.tsx(647,12): error TS2532: Object is possibly 'undefined'.
src/components/dashboards/ParadigmDashboard.tsx(647,31): error TS2532: Object is possibly 'undefined'.
src/components/dashboards/ParadigmDashboard.tsx(647,50): error TS2532: Object is possibly 'undefined'.
src/components/dashboards/RegionsDashboard.tsx(67,28): error TS2345: Argument of type 'number | undefined' is not assignable to parameter of type 'number'.
  Type 'undefined' is not assignable to type 'number'.
src/components/dashboards/RegionsDashboard.tsx(84,18): error TS18048: 'population' is possibly 'undefined'.
src/components/dashboards/RegionsDashboard.tsx(86,19): error TS18048: 'population' is possibly 'undefined'.
src/components/dashboards/RegionsDashboard.tsx(95,21): error TS18048: 'qol' is possibly 'undefined'.
src/components/dashboards/RegionsDashboard.tsx(97,21): error TS18048: 'qol' is possibly 'undefined'.
src/components/dashboards/RegionsDashboard.tsx(97,46): error TS18048: 'qol' is possibly 'undefined'.
src/components/dashboards/RegionsDashboard.tsx(102,19): error TS18048: 'socialCohesion' is possibly 'undefined'.
src/components/dashboards/RegionsDashboard.tsx(104,19): error TS18048: 'socialCohesion' is possibly 'undefined'.
src/components/dashboards/RegionsDashboard.tsx(104,55): error TS18048: 'socialCohesion' is possibly 'undefined'.
src/components/dashboards/RegionsDashboard.tsx(108,19): error TS18048: 'institutionalTrust' is possibly 'undefined'.
src/components/dashboards/RegionsDashboard.tsx(110,19): error TS18048: 'institutionalTrust' is possibly 'undefined'.
src/components/dashboards/RegionsDashboard.tsx(110,59): error TS18048: 'institutionalTrust' is possibly 'undefined'.
src/components/dashboards/RegionsDashboard.tsx(129,71): error TS18048: 'population' is possibly 'undefined'.
src/components/dashboards/RegionsDashboard.tsx(130,16): error TS18048: 'population' is possibly 'undefined'.
src/components/dashboards/RegionsDashboard.tsx(133,16): error TS18048: 'population' is possibly 'undefined'.
src/components/dashboards/RegionsDashboard.tsx(145,57): error TS18048: 'qol' is possibly 'undefined'.
src/components/dashboards/RegionsDashboard.tsx(151,43): error TS18048: 'qol' is possibly 'undefined'.
src/components/dashboards/RegionsDashboard.tsx(152,36): error TS18048: 'qol' is possibly 'undefined'.
src/components/dashboards/RegionsDashboard.tsx(152,72): error TS18048: 'qol' is possibly 'undefined'.
src/components/dashboards/RegionsDashboard.tsx(152,107): error TS18048: 'qol' is possibly 'undefined'.
src/components/dashboards/RegionsDashboard.tsx(161,57): error TS18048: 'socialCohesion' is possibly 'undefined'.
src/components/dashboards/RegionsDashboard.tsx(167,43): error TS18048: 'socialCohesion' is possibly 'undefined'.
src/components/dashboards/RegionsDashboard.tsx(177,57): error TS18048: 'institutionalTrust' is possibly 'undefined'.
src/components/dashboards/RegionsDashboard.tsx(183,43): error TS18048: 'institutionalTrust' is possibly 'undefined'.
src/components/dashboards/RegionsDashboard.tsx(310,8): error TS18048: 'population' is possibly 'undefined'.
src/components/dashboards/RegionsDashboard.tsx(313,60): error TS18048: 'population' is possibly 'undefined'.
src/components/dashboards/RegionsDashboard.tsx(319,8): error TS18048: 'qol' is possibly 'undefined'.
src/components/dashboards/RegionsDashboard.tsx(322,60): error TS18048: 'qol' is possibly 'undefined'.
src/components/dashboards/RegionsDashboard.tsx(328,8): error TS18048: 'socialCohesion' is possibly 'undefined'.
src/components/dashboards/RegionsDashboard.tsx(331,50): error TS18048: 'socialCohesion' is possibly 'undefined'.
src/components/monte-carlo/MonteCarloResultsViewer.tsx(345,21): error TS18048: 'batchProgress.runningRuns' is possibly 'undefined'.
src/components/monte-carlo/SweepResultsPanel.tsx(25,7): error TS2322: Type '"green"' is not assignable to type '"none" | "red" | "cyan" | "amber" | undefined'.
src/components/monte-carlo/SweepResultsPanel.tsx(55,20): error TS18048: 'aggregateStats.survivalRate' is possibly 'undefined'.
src/components/monte-carlo/SweepResultsPanel.tsx(74,61): error TS2339: Property 'length' does not exist on type '{ avgMonthsToOutcome: number; minMonthsToOutcome: number; maxMonthsToOutcome: number; medianMonthsToOutcome: number; }'.
src/components/monte-carlo/SweepResultsPanel.tsx(160,23): error TS18048: 'breakdown' is possibly 'undefined'.
src/components/monte-carlo/SweepResultsPanel.tsx(186,27): error TS2339: Property 'slice' does not exist on type '{ avgMonthsToOutcome: number; minMonthsToOutcome: number; maxMonthsToOutcome: number; medianMonthsToOutcome: number; }'.
src/components/monte-carlo/panels/CriticalEventsStream.tsx(93,7): error TS2322: Type 'Element' is not assignable to type 'string'.
src/components/monte-carlo/panels/CriticalEventsStream.tsx(103,7): error TS2322: Type '"cyan" | "green"' is not assignable to type '"none" | "red" | "cyan" | "amber" | undefined'.
  Type '"green"' is not assignable to type '"none" | "red" | "cyan" | "amber" | undefined'.
src/components/monte-carlo/panels/LiveProgressPanel.tsx(23,13): error TS7030: Not all code paths return a value.
src/components/monte-carlo/panels/LiveProgressPanel.tsx(63,7): error TS2322: Type '"cyan" | "green"' is not assignable to type '"none" | "red" | "cyan" | "amber" | undefined'.
  Type '"green"' is not assignable to type '"none" | "red" | "cyan" | "amber" | undefined'.
src/components/monte-carlo/panels/OutcomeDistributionPanel.tsx(247,27): error TS2532: Object is possibly 'undefined'.
src/components/monte-carlo/panels/ParameterSweepComparison.tsx(80,47): error TS2322: Type '"purple"' is not assignable to type '"none" | "red" | "cyan" | "amber" | undefined'.
src/components/monte-carlo/panels/ParameterSweepComparison.tsx(168,31): error TS2532: Object is possibly 'undefined'.
src/components/monte-carlo/panels/ParameterSweepComparison.tsx(230,36): error TS2532: Object is possibly 'undefined'.
src/components/monte-carlo/panels/RunInspector.tsx(137,13): error TS2322: Type '"green" | "amber"' is not assignable to type '"none" | "red" | "cyan" | "amber" | undefined'.
  Type '"green"' is not assignable to type '"none" | "red" | "cyan" | "amber" | undefined'.
src/components/paradigms/ParadigmDetailPanel.tsx(608,43): error TS18047: 'lastUpdate' is possibly 'null'.
src/components/paradigms/ParadigmDetailPanel.tsx(608,77): error TS18047: 'lastUpdate' is possibly 'null'.
src/simulation/engine/phases/ClimateImpactCascadePhase.ts(279,11): error TS2353: Object literal may only specify known properties, and 'additionalInfo' does not exist in type '{ location: string; valueName: string; month?: number | undefined; }'.
src/simulation/engine/phases/HumanPopulationPhase.ts(93,27): error TS18048: 'state.humanPopulationSystem.regionalPopulations' is possibly 'undefined'.
src/simulation/government/actions/rightsActions.ts(365,9): error TS2322: Type 'string' is not assignable to type 'number'.
src/simulation/government/actions/rightsActions.ts(434,9): error TS2322: Type 'string' is not assignable to type 'number'.
src/simulation/government/initialization.ts(115,7): error TS2353: Object literal may only specify known properties, and 'valueName' does not exist in type '{ location: string; month?: number | undefined; expectedSource?: string | undefined; }'.
src/simulation/initialization.ts(331,5): error TS2322: Type '"closed" | "open"' is not assignable to type '"closed" | "open_weights" | "enterprise" | "research"'.
  Type '"open"' is not assignable to type '"closed" | "open_weights" | "enterprise" | "research"'.
src/simulation/populationMapping.ts(67,5): error TS2820: Type '"Eastern Asia"' is not assignable to type 'RegionName'. Did you mean '"East Asia"'?
src/simulation/populationMapping.ts(73,5): error TS2820: Type '"Southern Asia"' is not assignable to type 'RegionName'. Did you mean '"South Asia"'?
src/simulation/populationMapping.ts(78,5): error TS2820: Type '"South-East Asia"' is not assignable to type 'RegionName'. Did you mean '"South Asia"'?
src/simulation/populationMapping.ts(84,5): error TS2820: Type '"Northern America"' is not assignable to type 'RegionName'. Did you mean '"North America"'?
src/simulation/populationMapping.ts(104,5): error TS2322: Type '"Oceania"' is not assignable to type 'RegionName'.
src/simulation/populationMapping.ts(109,3): error TS2820: Type '"Northern America"' is not assignable to type 'RegionName'. Did you mean '"North America"'?
src/simulation/populationMapping.ts(147,5): error TS2820: Type '"Northern America"' is not assignable to type 'RegionName'. Did you mean '"North America"'?
src/simulation/populationMapping.ts(149,5): error TS2820: Type '"Eastern Asia"' is not assignable to type 'RegionName'. Did you mean '"East Asia"'?
src/simulation/populationMapping.ts(150,5): error TS2820: Type '"Southern Asia"' is not assignable to type 'RegionName'. Did you mean '"South Asia"'?
src/simulation/populationMapping.ts(151,5): error TS2820: Type '"South-East Asia"' is not assignable to type 'RegionName'. Did you mean '"South Asia"'?
src/simulation/populationMapping.ts(152,5): error TS2322: Type '"Central Asia"' is not assignable to type 'RegionName'.
src/simulation/populationMapping.ts(156,5): error TS2322: Type '"Oceania"' is not assignable to type 'RegionName'.
src/simulation/positiveTippingPoints.ts(528,5): error TS2353: Object literal may only specify known properties, and 'additionalInfo' does not exist in type '{ location: string; valueName: string; month?: number | undefined; expectedSource?: string | undefined; }'.
src/simulation/positiveTippingPoints.ts(549,5): error TS2353: Object literal may only specify known properties, and 'additionalInfo' does not exist in type '{ location: string; valueName: string; month?: number | undefined; expectedSource?: string | undefined; }'.
src/simulation/specificTippingPoints.ts(274,9): error TS2322: Type '"climate"' is not assignable to type 'MortalityRiskType'.
src/simulation/specificTippingPoints.ts(276,9): error TS2322: Type '"climate"' is not assignable to type 'ProximateCause'.
src/simulation/specificTippingPoints.ts(286,9): error TS2322: Type '"climate"' is not assignable to type 'MortalityRiskType'.
src/simulation/specificTippingPoints.ts(288,9): error TS2322: Type '"climate"' is not assignable to type 'ProximateCause'.
src/workers/simulationWorker.ts(1796,52): error TS2339: Property 'educationalQuality' does not exist on type 'QualityOfLifeSystems'.
src/workers/simulationWorker.ts(1803,47): error TS2339: Property 'depletionLevel' does not exist on type 'PhosphorusSystem'.
src/workers/simulationWorker.ts(1804,47): error TS2339: Property 'globalStressLevel' does not exist on type 'FreshwaterSystem'.
src/workers/simulationWorker.ts(1806,54): error TS2339: Property 'acidificationLevel' does not exist on type 'OceanAcidificationSystem'.
src/workers/simulationWorker.ts(1813,33): error TS2339: Property 'accumulationSystems' does not exist on type 'GameState'.
[2025-11-04 23:00:33] ❌ ERROR: TypeScript compilation failed
[2025-11-04 23:00:33] ❌ ERROR: Quality gates failed
[2025-11-04 23:00:33] ℹ️  Preserving merge branch for inspection: merge/investigation/defensive-coding-audit---find-hidden-integration-gaps_20251104_230001_FAILED
error: Your local changes to the following files would be overwritten by checkout:
	logs/autonomous/cron_20251104.log
	logs/merge_orchestrator/merge_orchestrator_20251104_220001.log
	logs/merge_orchestrator/remediations/first-utopia-runs_20251104_220001_architecture.txt
Please commit your changes or stash them before you switch branches.
Aborting
error: refname refs/heads/merge/investigation/defensive-coding-audit---find-hidden-integration-gaps_20251104_230001 not found
fatal: Branch rename failed
error: Your local changes to the following files would be overwritten by checkout:
	logs/autonomous/cron_20251104.log
	logs/merge_orchestrator/merge_orchestrator_20251104_220001.log
	logs/merge_orchestrator/remediations/first-utopia-runs_20251104_220001_architecture.txt
Please commit your changes or stash them before you switch branches.
Aborting

━━━━━━━━━━━━━━━━━━━━━━━━━━━━━━━━━━━━━━━━━━━━━━━━━━━━
[2025-11-04 23:00:33] Processing: investigation/defensive-programming-phase-5-1-standardize-error-handling-and-complete-validation
━━━━━━━━━━━━━━━━━━━━━━━━━━━━━━━━━━━━━━━━━━━━━━━━━━━━
[2025-11-04 23:00:33] ℹ️  Creating merge branch: merge/investigation/defensive-programming-phase-5-1-standardize-error-handling-and-complete-validation_20251104_230001
error: Your local changes to the following files would be overwritten by checkout:
	logs/autonomous/cron_20251104.log
	logs/merge_orchestrator/merge_orchestrator_20251104_220001.log
	logs/merge_orchestrator/remediations/first-utopia-runs_20251104_220001_architecture.txt
Please commit your changes or stash them before you switch branches.
Aborting
[2025-11-04 23:00:33] ℹ️  Pulling latest main...
From github.com:lizTheDeveloper/ai_game_theory_simulation
 * branch                main       -> FETCH_HEAD
Already up to date.
[2025-11-04 23:00:35] ℹ️  Attempting merge from investigation/defensive-programming-phase-5-1-standardize-error-handling-and-complete-validation...
Auto-merging src/simulation/government/core/governmentCore.ts
CONFLICT (content): Merge conflict in src/simulation/government/core/governmentCore.ts
Auto-merging src/simulation/governmentRelocation.ts
CONFLICT (content): Merge conflict in src/simulation/governmentRelocation.ts
Automatic merge failed; fix conflicts and then commit the result.
[2025-11-04 23:00:35] ✅ Merge successful (no conflicts)

━━━━━━━━━━━━━━━━━━━━━━━━━━━━━━━━━━━━━━━━━━━━━━━━━━━━
[2025-11-04 23:00:35] Quality Gates: investigation/defensive-programming-phase-5-1-standardize-error-handling-and-complete-validation
━━━━━━━━━━━━━━━━━━━━━━━━━━━━━━━━━━━━━━━━━━━━━━━━━━━━
[2025-11-04 23:00:35] ℹ️  Gate 1: TypeScript compilation...
src/simulation/government/core/governmentCore.ts(646,1): error TS1185: Merge conflict marker encountered.
src/simulation/government/core/governmentCore.ts(648,1): error TS1185: Merge conflict marker encountered.
src/simulation/government/core/governmentCore.ts(650,1): error TS1185: Merge conflict marker encountered.
src/simulation/government/core/governmentCore.ts(669,1): error TS1185: Merge conflict marker encountered.
src/simulation/government/core/governmentCore.ts(671,1): error TS1185: Merge conflict marker encountered.
src/simulation/government/core/governmentCore.ts(673,1): error TS1185: Merge conflict marker encountered.
src/simulation/governmentRelocation.ts(103,1): error TS1185: Merge conflict marker encountered.
src/simulation/governmentRelocation.ts(105,1): error TS1185: Merge conflict marker encountered.
src/simulation/governmentRelocation.ts(107,1): error TS1185: Merge conflict marker encountered.
[2025-11-04 23:00:45] ❌ ERROR: TypeScript compilation failed
[2025-11-04 23:00:45] ❌ ERROR: Quality gates failed
[2025-11-04 23:00:45] ℹ️  Preserving merge branch for inspection: merge/investigation/defensive-programming-phase-5-1-standardize-error-handling-and-complete-validation_20251104_230001_FAILED
error: you need to resolve your current index first
src/simulation/government/core/governmentCore.ts: needs merge
src/simulation/governmentRelocation.ts: needs merge
error: refname refs/heads/merge/investigation/defensive-programming-phase-5-1-standardize-error-handling-and-complete-validation_20251104_230001 not found
fatal: Branch rename failed
error: you need to resolve your current index first
src/simulation/government/core/governmentCore.ts: needs merge
src/simulation/governmentRelocation.ts: needs merge

━━━━━━━━━━━━━━━━━━━━━━━━━━━━━━━━━━━━━━━━━━━━━━━━━━━━
[2025-11-04 23:00:45] Processing: new_systems
━━━━━━━━━━━━━━━━━━━━━━━━━━━━━━━━━━━━━━━━━━━━━━━━━━━━
[2025-11-04 23:00:45] ℹ️  Creating merge branch: merge/new_systems_20251104_230001
error: you need to resolve your current index first
src/simulation/government/core/governmentCore.ts: needs merge
src/simulation/governmentRelocation.ts: needs merge
[2025-11-04 23:00:45] ℹ️  Pulling latest main...
error: Pulling is not possible because you have unmerged files.
hint: Fix them up in the work tree, and then use 'git add/rm <file>'
hint: as appropriate to mark resolution and make a commit.
fatal: Exiting because of an unresolved conflict.
[2025-11-04 23:00:45] ℹ️  Attempting merge from new_systems...
error: Merging is not possible because you have unmerged files.
hint: Fix them up in the work tree, and then use 'git add/rm <file>'
hint: as appropriate to mark resolution and make a commit.
fatal: Exiting because of an unresolved conflict.
[2025-11-04 23:00:45] ✅ Merge successful (no conflicts)

━━━━━━━━━━━━━━━━━━━━━━━━━━━━━━━━━━━━━━━━━━━━━━━━━━━━
[2025-11-04 23:00:45] Quality Gates: new_systems
━━━━━━━━━━━━━━━━━━━━━━━━━━━━━━━━━━━━━━━━━━━━━━━━━━━━
[2025-11-04 23:00:45] ℹ️  Gate 1: TypeScript compilation...
src/simulation/government/core/governmentCore.ts(646,1): error TS1185: Merge conflict marker encountered.
src/simulation/government/core/governmentCore.ts(648,1): error TS1185: Merge conflict marker encountered.
src/simulation/government/core/governmentCore.ts(650,1): error TS1185: Merge conflict marker encountered.
src/simulation/government/core/governmentCore.ts(669,1): error TS1185: Merge conflict marker encountered.
src/simulation/government/core/governmentCore.ts(671,1): error TS1185: Merge conflict marker encountered.
src/simulation/government/core/governmentCore.ts(673,1): error TS1185: Merge conflict marker encountered.
src/simulation/governmentRelocation.ts(103,1): error TS1185: Merge conflict marker encountered.
src/simulation/governmentRelocation.ts(105,1): error TS1185: Merge conflict marker encountered.
src/simulation/governmentRelocation.ts(107,1): error TS1185: Merge conflict marker encountered.
[2025-11-04 23:00:50] ❌ ERROR: TypeScript compilation failed
[2025-11-04 23:00:50] ❌ ERROR: Quality gates failed
[2025-11-04 23:00:50] ℹ️  Preserving merge branch for inspection: merge/new_systems_20251104_230001_FAILED
error: you need to resolve your current index first
src/simulation/government/core/governmentCore.ts: needs merge
src/simulation/governmentRelocation.ts: needs merge
error: refname refs/heads/merge/new_systems_20251104_230001 not found
fatal: Branch rename failed
error: you need to resolve your current index first
src/simulation/government/core/governmentCore.ts: needs merge
src/simulation/governmentRelocation.ts: needs merge

━━━━━━━━━━━━━━━━━━━━━━━━━━━━━━━━━━━━━━━━━━━━━━━━━━━━
[2025-11-04 23:00:50] Processing: p2-3-heterogeneous-population
━━━━━━━━━━━━━━━━━━━━━━━━━━━━━━━━━━━━━━━━━━━━━━━━━━━━
[2025-11-04 23:00:50] ℹ️  Creating merge branch: merge/p2-3-heterogeneous-population_20251104_230001
error: you need to resolve your current index first
src/simulation/government/core/governmentCore.ts: needs merge
src/simulation/governmentRelocation.ts: needs merge
[2025-11-04 23:00:50] ℹ️  Pulling latest main...
error: Pulling is not possible because you have unmerged files.
hint: Fix them up in the work tree, and then use 'git add/rm <file>'
hint: as appropriate to mark resolution and make a commit.
fatal: Exiting because of an unresolved conflict.
[2025-11-04 23:00:50] ℹ️  Attempting merge from p2-3-heterogeneous-population...
error: Merging is not possible because you have unmerged files.
hint: Fix them up in the work tree, and then use 'git add/rm <file>'
hint: as appropriate to mark resolution and make a commit.
fatal: Exiting because of an unresolved conflict.
[2025-11-04 23:00:50] ✅ Merge successful (no conflicts)

━━━━━━━━━━━━━━━━━━━━━━━━━━━━━━━━━━━━━━━━━━━━━━━━━━━━
[2025-11-04 23:00:50] Quality Gates: p2-3-heterogeneous-population
━━━━━━━━━━━━━━━━━━━━━━━━━━━━━━━━━━━━━━━━━━━━━━━━━━━━
[2025-11-04 23:00:50] ℹ️  Gate 1: TypeScript compilation...
src/simulation/government/core/governmentCore.ts(646,1): error TS1185: Merge conflict marker encountered.
src/simulation/government/core/governmentCore.ts(648,1): error TS1185: Merge conflict marker encountered.
src/simulation/government/core/governmentCore.ts(650,1): error TS1185: Merge conflict marker encountered.
src/simulation/government/core/governmentCore.ts(669,1): error TS1185: Merge conflict marker encountered.
src/simulation/government/core/governmentCore.ts(671,1): error TS1185: Merge conflict marker encountered.
src/simulation/government/core/governmentCore.ts(673,1): error TS1185: Merge conflict marker encountered.
src/simulation/governmentRelocation.ts(103,1): error TS1185: Merge conflict marker encountered.
src/simulation/governmentRelocation.ts(105,1): error TS1185: Merge conflict marker encountered.
src/simulation/governmentRelocation.ts(107,1): error TS1185: Merge conflict marker encountered.
[2025-11-04 23:00:56] ❌ ERROR: TypeScript compilation failed
[2025-11-04 23:00:56] ❌ ERROR: Quality gates failed
[2025-11-04 23:00:56] ℹ️  Preserving merge branch for inspection: merge/p2-3-heterogeneous-population_20251104_230001_FAILED
error: you need to resolve your current index first
src/simulation/government/core/governmentCore.ts: needs merge
src/simulation/governmentRelocation.ts: needs merge
error: refname refs/heads/merge/p2-3-heterogeneous-population_20251104_230001 not found
fatal: Branch rename failed
error: you need to resolve your current index first
src/simulation/government/core/governmentCore.ts: needs merge
src/simulation/governmentRelocation.ts: needs merge

━━━━━━━━━━━━━━━━━━━━━━━━━━━━━━━━━━━━━━━━━━━━━━━━━━━━
[2025-11-04 23:00:56] Processing: p2-implementation
━━━━━━━━━━━━━━━━━━━━━━━━━━━━━━━━━━━━━━━━━━━━━━━━━━━━
[2025-11-04 23:00:56] ℹ️  Creating merge branch: merge/p2-implementation_20251104_230001
error: you need to resolve your current index first
src/simulation/government/core/governmentCore.ts: needs merge
src/simulation/governmentRelocation.ts: needs merge
[2025-11-04 23:00:56] ℹ️  Pulling latest main...
error: Pulling is not possible because you have unmerged files.
hint: Fix them up in the work tree, and then use 'git add/rm <file>'
hint: as appropriate to mark resolution and make a commit.
fatal: Exiting because of an unresolved conflict.
[2025-11-04 23:00:56] ℹ️  Attempting merge from p2-implementation...
error: Merging is not possible because you have unmerged files.
hint: Fix them up in the work tree, and then use 'git add/rm <file>'
hint: as appropriate to mark resolution and make a commit.
fatal: Exiting because of an unresolved conflict.
[2025-11-04 23:00:56] ✅ Merge successful (no conflicts)

━━━━━━━━━━━━━━━━━━━━━━━━━━━━━━━━━━━━━━━━━━━━━━━━━━━━
[2025-11-04 23:00:56] Quality Gates: p2-implementation
━━━━━━━━━━━━━━━━━━━━━━━━━━━━━━━━━━━━━━━━━━━━━━━━━━━━
[2025-11-04 23:00:56] ℹ️  Gate 1: TypeScript compilation...
src/simulation/government/core/governmentCore.ts(646,1): error TS1185: Merge conflict marker encountered.
src/simulation/government/core/governmentCore.ts(648,1): error TS1185: Merge conflict marker encountered.
src/simulation/government/core/governmentCore.ts(650,1): error TS1185: Merge conflict marker encountered.
src/simulation/government/core/governmentCore.ts(669,1): error TS1185: Merge conflict marker encountered.
src/simulation/government/core/governmentCore.ts(671,1): error TS1185: Merge conflict marker encountered.
src/simulation/government/core/governmentCore.ts(673,1): error TS1185: Merge conflict marker encountered.
src/simulation/governmentRelocation.ts(103,1): error TS1185: Merge conflict marker encountered.
src/simulation/governmentRelocation.ts(105,1): error TS1185: Merge conflict marker encountered.
src/simulation/governmentRelocation.ts(107,1): error TS1185: Merge conflict marker encountered.
[2025-11-04 23:01:00] ❌ ERROR: TypeScript compilation failed
[2025-11-04 23:01:00] ❌ ERROR: Quality gates failed
[2025-11-04 23:01:00] ℹ️  Preserving merge branch for inspection: merge/p2-implementation_20251104_230001_FAILED
error: you need to resolve your current index first
src/simulation/government/core/governmentCore.ts: needs merge
src/simulation/governmentRelocation.ts: needs merge
error: refname refs/heads/merge/p2-implementation_20251104_230001 not found
fatal: Branch rename failed
error: you need to resolve your current index first
src/simulation/government/core/governmentCore.ts: needs merge
src/simulation/governmentRelocation.ts: needs merge

━━━━━━━━━━━━━━━━━━━━━━━━━━━━━━━━━━━━━━━━━━━━━━━━━━━━
[2025-11-04 23:01:00] Summary
━━━━━━━━━━━━━━━━━━━━━━━━━━━━━━━━━━━━━━━━━━━━━━━━━━━━
[2025-11-04 23:01:00] ℹ️  Total branches processed: 35
[2025-11-04 23:01:00] ✅ Merged to main: 0
[2025-11-04 23:01:00] ⚠️  WARNING: Blocked (failed gates): 8
[2025-11-04 23:01:00] ⚠️  WARNING: Conflicts (manual intervention): 0
[2025-11-04 23:01:00] ⏭️  SKIP: Skipped (frontend on VM): 2
[2025-11-04 23:01:00] ℹ️  Notification: Would post summary to coordination channel (not implemented yet)

━━━━━━━━━━━━━━━━━━━━━━━━━━━━━━━━━━━━━━━━━━━━━━━━━━━━
[2025-11-04 23:01:00] ✅ Merge Orchestrator Complete
━━━━━━━━━━━━━━━━━━━━━━━━━━━━━━━━━━━━━━━━━━━━━━━━━━━━
[2025-11-04 23:01:00] ℹ️  Log file: /home/lizthedeveloper_gmail_com/ai_game_theory_simulation/logs/merge_orchestrator/merge_orchestrator_20251104_230001.log
