month,deployed_tech_count,deployed_tech_ids,climate_restoration_effect,ocean_restoration_effect,agriculture_effect,pollution_cleanup_effect,baseline_mortality,transition_mortality,total_mortality,population,temperature_delta,co2_concentration,ocean_acidification,biodiversity_loss,nitrogen_boundary,phosphorus_boundary,active_crises,crisis_types,government_effectiveness,social_cohesion
0,11,"rlhf_basic;mech_interp_basic;adversarial_eval;direct_air_capture;ai_pollution_remediation;collective_purpose_networks;ai_diagnostics;mrna_vaccines;solar_4th_gen;offshore_wind;ai_power_efficiency_communication",0.000000,0.000000,0.000000,0.002000,0.000000,0.000000,0.000000,8,0.000000,0.00,0.000000,0.000000,0.000000,0.000000,0,"",0.000000,0.000000
1,16,"rlhf_basic;mech_interp_basic;adversarial_eval;direct_air_capture;ai_pollution_remediation;collective_purpose_networks;ai_diagnostics;mrna_vaccines;solar_4th_gen;offshore_wind;ai_power_efficiency_communication;soil_p_optimization;p_efficient_cultivars;circular_food_systems;biological_nitrogen_fixation;nitrogen_circular_food",0.000000,0.000000,0.000000,0.002000,0.000000,0.000000,0.000000,8,0.000000,0.00,0.000000,0.000000,0.000000,0.000000,0,"",0.000000,0.000000
2,16,"rlhf_basic;mech_interp_basic;adversarial_eval;direct_air_capture;ai_pollution_remediation;collective_purpose_networks;ai_diagnostics;mrna_vaccines;solar_4th_gen;offshore_wind;ai_power_efficiency_communication;soil_p_optimization;p_efficient_cultivars;circular_food_systems;biological_nitrogen_fixation;nitrogen_circular_food",0.000000,0.000000,0.000000,0.002000,0.000000,0.000000,0.000000,8,0.000000,0.00,0.000000,0.000000,0.000000,0.000000,0,"",0.000000,0.000000
3,16,"rlhf_basic;mech_interp_basic;adversarial_eval;direct_air_capture;ai_pollution_remediation;collective_purpose_networks;ai_diagnostics;mrna_vaccines;solar_4th_gen;offshore_wind;ai_power_efficiency_communication;soil_p_optimization;p_efficient_cultivars;circular_food_systems;biological_nitrogen_fixation;nitrogen_circular_food",0.000000,0.000000,0.000000,0.002000,0.000000,0.000000,0.000000,8,0.000000,0.00,0.000000,0.000000,0.000000,0.000000,0,"",0.000000,0.000000
4,20,"rlhf_basic;mech_interp_basic;adversarial_eval;direct_air_capture;ai_pollution_remediation;collective_purpose_networks;ai_diagnostics;mrna_vaccines;solar_4th_gen;offshore_wind;ai_power_efficiency_communication;soil_p_optimization;p_efficient_cultivars;circular_food_systems;biological_nitrogen_fixation;nitrogen_circular_food;rhizosphere_engineering;nitroplast_integration;precision_fermentation_nitrogen;cold_tolerant_crops",0.000000,0.000000,0.000000,0.002000,0.000000,0.000000,0.000000,8,0.000000,0.00,0.000000,0.000000,0.000000,0.000000,0,"",0.000000,0.000000
5,20,"rlhf_basic;mech_interp_basic;adversarial_eval;direct_air_capture;ai_pollution_remediation;collective_purpose_networks;ai_diagnostics;mrna_vaccines;solar_4th_gen;offshore_wind;ai_power_efficiency_communication;soil_p_optimization;p_efficient_cultivars;circular_food_systems;biological_nitrogen_fixation;nitrogen_circular_food;rhizosphere_engineering;nitroplast_integration;precision_fermentation_nitrogen;cold_tolerant_crops",0.000000,0.000000,0.000000,0.002000,0.000000,0.000000,0.000000,8,0.000000,0.00,0.000000,0.000000,0.000000,0.000000,0,"",0.000000,0.000000
6,20,"rlhf_basic;mech_interp_basic;adversarial_eval;direct_air_capture;ai_pollution_remediation;collective_purpose_networks;ai_diagnostics;mrna_vaccines;solar_4th_gen;offshore_wind;ai_power_efficiency_communication;soil_p_optimization;p_efficient_cultivars;circular_food_systems;biological_nitrogen_fixation;nitrogen_circular_food;rhizosphere_engineering;nitroplast_integration;precision_fermentation_nitrogen;cold_tolerant_crops",0.000000,0.000000,0.000000,0.002000,0.000000,0.000000,0.000000,8,0.000000,0.00,0.000000,0.000000,0.000000,0.000000,0,"",0.000000,0.000000
7,22,"rlhf_basic;mech_interp_basic;adversarial_eval;direct_air_capture;ai_pollution_remediation;collective_purpose_networks;ai_diagnostics;mrna_vaccines;solar_4th_gen;offshore_wind;ai_power_efficiency_communication;soil_p_optimization;p_efficient_cultivars;circular_food_systems;biological_nitrogen_fixation;nitrogen_circular_food;rhizosphere_engineering;nitroplast_integration;precision_fermentation_nitrogen;cold_tolerant_crops;phytoremediation_nitrogen;phytoremediation_networks",0.000000,0.000000,0.000000,0.002000,0.000000,0.000000,0.000000,8,0.000000,0.00,0.000000,0.000000,0.000000,0.000000,0,"",0.000000,0.000000
8,22,"rlhf_basic;mech_interp_basic;adversarial_eval;direct_air_capture;ai_pollution_remediation;collective_purpose_networks;ai_diagnostics;mrna_vaccines;solar_4th_gen;offshore_wind;ai_power_efficiency_communication;soil_p_optimization;p_efficient_cultivars;circular_food_systems;biological_nitrogen_fixation;nitrogen_circular_food;rhizosphere_engineering;nitroplast_integration;precision_fermentation_nitrogen;cold_tolerant_crops;phytoremediation_nitrogen;phytoremediation_networks",0.000000,0.000000,0.000000,0.002000,0.000000,0.000000,0.000000,8,0.000000,0.00,0.000000,0.000000,0.000000,0.000000,0,"",0.000000,0.000000
9,22,"rlhf_basic;mech_interp_basic;adversarial_eval;direct_air_capture;ai_pollution_remediation;collective_purpose_networks;ai_diagnostics;mrna_vaccines;solar_4th_gen;offshore_wind;ai_power_efficiency_communication;soil_p_optimization;p_efficient_cultivars;circular_food_systems;biological_nitrogen_fixation;nitrogen_circular_food;rhizosphere_engineering;nitroplast_integration;precision_fermentation_nitrogen;cold_tolerant_crops;phytoremediation_nitrogen;phytoremediation_networks",0.000000,0.000000,0.000000,0.002000,0.000000,0.000000,0.000000,8,0.000000,0.00,0.000000,0.000000,0.000000,0.000000,0,"",0.000000,0.000000
10,26,"rlhf_basic;mech_interp_basic;adversarial_eval;direct_air_capture;ai_pollution_remediation;collective_purpose_networks;ai_diagnostics;mrna_vaccines;solar_4th_gen;offshore_wind;ai_power_efficiency_communication;soil_p_optimization;p_efficient_cultivars;circular_food_systems;biological_nitrogen_fixation;nitrogen_circular_food;rhizosphere_engineering;nitroplast_integration;precision_fermentation_nitrogen;cold_tolerant_crops;phytoremediation_nitrogen;phytoremediation_networks;alternative_protein_insects_algae;active_sediment_management;regional_nitrogen_policies;mental_health_ai",0.000000,0.000000,0.000000,0.002000,0.000000,0.000000,0.000000,8,0.000000,0.00,0.000000,0.000000,0.000000,0.000000,0,"",0.000000,0.000000
11,26,"rlhf_basic;mech_interp_basic;adversarial_eval;direct_air_capture;ai_pollution_remediation;collective_purpose_networks;ai_diagnostics;mrna_vaccines;solar_4th_gen;offshore_wind;ai_power_efficiency_communication;soil_p_optimization;p_efficient_cultivars;circular_food_systems;biological_nitrogen_fixation;nitrogen_circular_food;rhizosphere_engineering;nitroplast_integration;precision_fermentation_nitrogen;cold_tolerant_crops;phytoremediation_nitrogen;phytoremediation_networks;alternative_protein_insects_algae;active_sediment_management;regional_nitrogen_policies;mental_health_ai",0.000000,0.000000,0.000000,0.002000,0.000000,0.000000,0.000000,8,0.000000,0.00,0.000000,0.000000,0.000000,0.000000,0,"",0.000000,0.000000
12,26,"rlhf_basic;mech_interp_basic;adversarial_eval;direct_air_capture;ai_pollution_remediation;collective_purpose_networks;ai_diagnostics;mrna_vaccines;solar_4th_gen;offshore_wind;ai_power_efficiency_communication;soil_p_optimization;p_efficient_cultivars;circular_food_systems;biological_nitrogen_fixation;nitrogen_circular_food;rhizosphere_engineering;nitroplast_integration;precision_fermentation_nitrogen;cold_tolerant_crops;phytoremediation_nitrogen;phytoremediation_networks;alternative_protein_insects_algae;active_sediment_management;regional_nitrogen_policies;mental_health_ai",0.000000,0.000000,0.000000,0.002000,0.000000,0.000000,0.000000,8,0.000000,0.00,0.000000,0.000000,0.000000,0.000000,0,"",0.000000,0.000000
13,31,"rlhf_basic;mech_interp_basic;adversarial_eval;direct_air_capture;ai_pollution_remediation;collective_purpose_networks;ai_diagnostics;mrna_vaccines;solar_4th_gen;offshore_wind;ai_power_efficiency_communication;soil_p_optimization;p_efficient_cultivars;circular_food_systems;biological_nitrogen_fixation;nitrogen_circular_food;rhizosphere_engineering;nitroplast_integration;precision_fermentation_nitrogen;cold_tolerant_crops;phytoremediation_nitrogen;phytoremediation_networks;alternative_protein_insects_algae;active_sediment_management;regional_nitrogen_policies;mental_health_ai;ocean_alkalinity_enhancement;sediment_management_phosphorus;desalination_advanced;aquifer_mapping_ai;ecosystem_restoration_nitrogen",0.000000,0.000000,0.000000,0.002000,0.000000,0.000000,0.000000,8,0.000000,0.00,0.000000,0.000000,0.000000,0.000000,0,"",0.000000,0.000000
14,31,"rlhf_basic;mech_interp_basic;adversarial_eval;direct_air_capture;ai_pollution_remediation;collective_purpose_networks;ai_diagnostics;mrna_vaccines;solar_4th_gen;offshore_wind;ai_power_efficiency_communication;soil_p_optimization;p_efficient_cultivars;circular_food_systems;biological_nitrogen_fixation;nitrogen_circular_food;rhizosphere_engineering;nitroplast_integration;precision_fermentation_nitrogen;cold_tolerant_crops;phytoremediation_nitrogen;phytoremediation_networks;alternative_protein_insects_algae;active_sediment_management;regional_nitrogen_policies;mental_health_ai;ocean_alkalinity_enhancement;sediment_management_phosphorus;desalination_advanced;aquifer_mapping_ai;ecosystem_restoration_nitrogen",0.000000,0.000000,0.000000,0.002000,0.000000,0.000000,0.000000,8,0.000000,0.00,0.000000,0.000000,0.000000,0.000000,0,"",0.000000,0.000000
15,31,"rlhf_basic;mech_interp_basic;adversarial_eval;direct_air_capture;ai_pollution_remediation;collective_purpose_networks;ai_diagnostics;mrna_vaccines;solar_4th_gen;offshore_wind;ai_power_efficiency_communication;soil_p_optimization;p_efficient_cultivars;circular_food_systems;biological_nitrogen_fixation;nitrogen_circular_food;rhizosphere_engineering;nitroplast_integration;precision_fermentation_nitrogen;cold_tolerant_crops;phytoremediation_nitrogen;phytoremediation_networks;alternative_protein_insects_algae;active_sediment_management;regional_nitrogen_policies;mental_health_ai;ocean_alkalinity_enhancement;sediment_management_phosphorus;desalination_advanced;aquifer_mapping_ai;ecosystem_restoration_nitrogen",0.000000,0.000000,0.000000,0.002000,0.000000,0.000000,0.000000,8,0.000000,0.00,0.000000,0.000000,0.000000,0.000000,0,"",0.000000,0.000000
16,36,"rlhf_basic;mech_interp_basic;adversarial_eval;direct_air_capture;ai_pollution_remediation;collective_purpose_networks;ai_diagnostics;mrna_vaccines;solar_4th_gen;offshore_wind;ai_power_efficiency_communication;soil_p_optimization;p_efficient_cultivars;circular_food_systems;biological_nitrogen_fixation;nitrogen_circular_food;rhizosphere_engineering;nitroplast_integration;precision_fermentation_nitrogen;cold_tolerant_crops;phytoremediation_nitrogen;phytoremediation_networks;alternative_protein_insects_algae;active_sediment_management;regional_nitrogen_policies;mental_health_ai;ocean_alkalinity_enhancement;sediment_management_phosphorus;desalination_advanced;aquifer_mapping_ai;ecosystem_restoration_nitrogen;enhanced_ubi;local_resilience_networks;mech_interp_advanced;defensive_ai;strategic_grain_reserves",0.000000,0.000000,0.000000,0.002000,0.000000,0.000000,0.000000,7,0.000000,0.00,0.000000,0.000000,0.000000,0.000000,0,"",0.000000,0.000000
17,36,"rlhf_basic;mech_interp_basic;adversarial_eval;direct_air_capture;ai_pollution_remediation;collective_purpose_networks;ai_diagnostics;mrna_vaccines;solar_4th_gen;offshore_wind;ai_power_efficiency_communication;soil_p_optimization;p_efficient_cultivars;circular_food_systems;biological_nitrogen_fixation;nitrogen_circular_food;rhizosphere_engineering;nitroplast_integration;precision_fermentation_nitrogen;cold_tolerant_crops;phytoremediation_nitrogen;phytoremediation_networks;alternative_protein_insects_algae;active_sediment_management;regional_nitrogen_policies;mental_health_ai;ocean_alkalinity_enhancement;sediment_management_phosphorus;desalination_advanced;aquifer_mapping_ai;ecosystem_restoration_nitrogen;enhanced_ubi;local_resilience_networks;mech_interp_advanced;defensive_ai;strategic_grain_reserves",0.000000,0.000000,0.000000,0.002000,0.000000,0.000000,0.000000,7,0.000000,0.00,0.000000,0.000000,0.000000,0.000000,0,"",0.000000,0.000000
18,36,"rlhf_basic;mech_interp_basic;adversarial_eval;direct_air_capture;ai_pollution_remediation;collective_purpose_networks;ai_diagnostics;mrna_vaccines;solar_4th_gen;offshore_wind;ai_power_efficiency_communication;soil_p_optimization;p_efficient_cultivars;circular_food_systems;biological_nitrogen_fixation;nitrogen_circular_food;rhizosphere_engineering;nitroplast_integration;precision_fermentation_nitrogen;cold_tolerant_crops;phytoremediation_nitrogen;phytoremediation_networks;alternative_protein_insects_algae;active_sediment_management;regional_nitrogen_policies;mental_health_ai;ocean_alkalinity_enhancement;sediment_management_phosphorus;desalination_advanced;aquifer_mapping_ai;ecosystem_restoration_nitrogen;enhanced_ubi;local_resilience_networks;mech_interp_advanced;defensive_ai;strategic_grain_reserves",0.000000,0.000000,0.000000,0.002000,0.000000,0.000000,0.000000,7,0.000000,0.00,0.000000,0.000000,0.000000,0.000000,0,"",0.000000,0.000000
19,41,"rlhf_basic;mech_interp_basic;adversarial_eval;direct_air_capture;ai_pollution_remediation;collective_purpose_networks;ai_diagnostics;mrna_vaccines;solar_4th_gen;offshore_wind;ai_power_efficiency_communication;soil_p_optimization;p_efficient_cultivars;circular_food_systems;biological_nitrogen_fixation;nitrogen_circular_food;rhizosphere_engineering;nitroplast_integration;precision_fermentation_nitrogen;cold_tolerant_crops;phytoremediation_nitrogen;phytoremediation_networks;alternative_protein_insects_algae;active_sediment_management;regional_nitrogen_policies;mental_health_ai;ocean_alkalinity_enhancement;sediment_management_phosphorus;desalination_advanced;aquifer_mapping_ai;ecosystem_restoration_nitrogen;enhanced_ubi;local_resilience_networks;mech_interp_advanced;defensive_ai;strategic_grain_reserves;soil_health_restoration;struvite_recovery;precision_agriculture;nitrogen_monitoring_networks;algae_nutrient_capture",0.000000,0.000000,0.000000,0.002000,0.000000,0.000000,0.000000,7,0.000000,0.00,0.000000,0.000000,0.000000,0.000000,0,"",0.000000,0.000000
20,41,"rlhf_basic;mech_interp_basic;adversarial_eval;direct_air_capture;ai_pollution_remediation;collective_purpose_networks;ai_diagnostics;mrna_vaccines;solar_4th_gen;offshore_wind;ai_power_efficiency_communication;soil_p_optimization;p_efficient_cultivars;circular_food_systems;biological_nitrogen_fixation;nitrogen_circular_food;rhizosphere_engineering;nitroplast_integration;precision_fermentation_nitrogen;cold_tolerant_crops;phytoremediation_nitrogen;phytoremediation_networks;alternative_protein_insects_algae;active_sediment_management;regional_nitrogen_policies;mental_health_ai;ocean_alkalinity_enhancement;sediment_management_phosphorus;desalination_advanced;aquifer_mapping_ai;ecosystem_restoration_nitrogen;enhanced_ubi;local_resilience_networks;mech_interp_advanced;defensive_ai;strategic_grain_reserves;soil_health_restoration;struvite_recovery;precision_agriculture;nitrogen_monitoring_networks;algae_nutrient_capture",0.000000,0.000000,0.000000,0.014291,0.000000,0.000000,0.000000,7,0.000000,0.00,0.000000,0.000000,0.000000,0.000000,0,"",0.000000,0.000000
21,41,"rlhf_basic;mech_interp_basic;adversarial_eval;direct_air_capture;ai_pollution_remediation;collective_purpose_networks;ai_diagnostics;mrna_vaccines;solar_4th_gen;offshore_wind;ai_power_efficiency_communication;soil_p_optimization;p_efficient_cultivars;circular_food_systems;biological_nitrogen_fixation;nitrogen_circular_food;rhizosphere_engineering;nitroplast_integration;precision_fermentation_nitrogen;cold_tolerant_crops;phytoremediation_nitrogen;phytoremediation_networks;alternative_protein_insects_algae;active_sediment_management;regional_nitrogen_policies;mental_health_ai;ocean_alkalinity_enhancement;sediment_management_phosphorus;desalination_advanced;aquifer_mapping_ai;ecosystem_restoration_nitrogen;enhanced_ubi;local_resilience_networks;mech_interp_advanced;defensive_ai;strategic_grain_reserves;soil_health_restoration;struvite_recovery;precision_agriculture;nitrogen_monitoring_networks;algae_nutrient_capture",0.000000,0.000000,0.000000,0.014443,0.000000,0.000000,0.000000,7,0.000000,0.00,0.000000,0.000000,0.000000,0.000000,0,"",0.000000,0.000000
22,44,"rlhf_basic;mech_interp_basic;adversarial_eval;direct_air_capture;ai_pollution_remediation;collective_purpose_networks;ai_diagnostics;mrna_vaccines;solar_4th_gen;offshore_wind;ai_power_efficiency_communication;soil_p_optimization;p_efficient_cultivars;circular_food_systems;biological_nitrogen_fixation;nitrogen_circular_food;rhizosphere_engineering;nitroplast_integration;precision_fermentation_nitrogen;cold_tolerant_crops;phytoremediation_nitrogen;phytoremediation_networks;alternative_protein_insects_algae;active_sediment_management;regional_nitrogen_policies;mental_health_ai;ocean_alkalinity_enhancement;sediment_management_phosphorus;desalination_advanced;aquifer_mapping_ai;ecosystem_restoration_nitrogen;enhanced_ubi;local_resilience_networks;mech_interp_advanced;defensive_ai;strategic_grain_reserves;soil_health_restoration;struvite_recovery;precision_agriculture;nitrogen_monitoring_networks;algae_nutrient_capture;integrated_nutrient_management;pfas_remediation;ecological_proxy_rewilding",0.000000,0.000000,0.000000,0.013609,0.000000,0.000000,0.000000,7,0.000000,0.00,0.000000,0.000000,0.000000,0.000000,0,"",0.000000,0.000000
23,44,"rlhf_basic;mech_interp_basic;adversarial_eval;direct_air_capture;ai_pollution_remediation;collective_purpose_networks;ai_diagnostics;mrna_vaccines;solar_4th_gen;offshore_wind;ai_power_efficiency_communication;soil_p_optimization;p_efficient_cultivars;circular_food_systems;biological_nitrogen_fixation;nitrogen_circular_food;rhizosphere_engineering;nitroplast_integration;precision_fermentation_nitrogen;cold_tolerant_crops;phytoremediation_nitrogen;phytoremediation_networks;alternative_protein_insects_algae;active_sediment_management;regional_nitrogen_policies;mental_health_ai;ocean_alkalinity_enhancement;sediment_management_phosphorus;desalination_advanced;aquifer_mapping_ai;ecosystem_restoration_nitrogen;enhanced_ubi;local_resilience_networks;mech_interp_advanced;defensive_ai;strategic_grain_reserves;soil_health_restoration;struvite_recovery;precision_agriculture;nitrogen_monitoring_networks;algae_nutrient_capture;integrated_nutrient_management;pfas_remediation;ecological_proxy_rewilding",0.000000,0.000000,0.000000,0.016693,0.000000,0.000000,0.000000,7,0.000000,0.00,0.000000,0.000000,0.000000,0.000000,0,"",0.000000,0.000000
24,44,"rlhf_basic;mech_interp_basic;adversarial_eval;direct_air_capture;ai_pollution_remediation;collective_purpose_networks;ai_diagnostics;mrna_vaccines;solar_4th_gen;offshore_wind;ai_power_efficiency_communication;soil_p_optimization;p_efficient_cultivars;circular_food_systems;biological_nitrogen_fixation;nitrogen_circular_food;rhizosphere_engineering;nitroplast_integration;precision_fermentation_nitrogen;cold_tolerant_crops;phytoremediation_nitrogen;phytoremediation_networks;alternative_protein_insects_algae;active_sediment_management;regional_nitrogen_policies;mental_health_ai;ocean_alkalinity_enhancement;sediment_management_phosphorus;desalination_advanced;aquifer_mapping_ai;ecosystem_restoration_nitrogen;enhanced_ubi;local_resilience_networks;mech_interp_advanced;defensive_ai;strategic_grain_reserves;soil_health_restoration;struvite_recovery;precision_agriculture;nitrogen_monitoring_networks;algae_nutrient_capture;integrated_nutrient_management;pfas_remediation;ecological_proxy_rewilding",0.000000,0.000000,0.000000,0.016892,0.000000,0.000000,0.000000,7,0.000000,0.00,0.000000,0.000000,0.000000,0.000000,0,"",0.000000,0.000000
25,47,"rlhf_basic;mech_interp_basic;adversarial_eval;direct_air_capture;ai_pollution_remediation;collective_purpose_networks;ai_diagnostics;mrna_vaccines;solar_4th_gen;offshore_wind;ai_power_efficiency_communication;soil_p_optimization;p_efficient_cultivars;circular_food_systems;biological_nitrogen_fixation;nitrogen_circular_food;rhizosphere_engineering;nitroplast_integration;precision_fermentation_nitrogen;cold_tolerant_crops;phytoremediation_nitrogen;phytoremediation_networks;alternative_protein_insects_algae;active_sediment_management;regional_nitrogen_policies;mental_health_ai;ocean_alkalinity_enhancement;sediment_management_phosphorus;desalination_advanced;aquifer_mapping_ai;ecosystem_restoration_nitrogen;enhanced_ubi;local_resilience_networks;mech_interp_advanced;defensive_ai;strategic_grain_reserves;soil_health_restoration;struvite_recovery;precision_agriculture;nitrogen_monitoring_networks;algae_nutrient_capture;integrated_nutrient_management;pfas_remediation;ecological_proxy_rewilding;food_waste_reduction;coral_restoration_advanced;global_pfas_ban",0.000000,0.000000,0.000000,0.017092,0.000000,0.000000,0.000000,7,0.000000,0.00,0.000000,0.000000,0.000000,0.000000,0,"",0.000000,0.000000
26,47,"rlhf_basic;mech_interp_basic;adversarial_eval;direct_air_capture;ai_pollution_remediation;collective_purpose_networks;ai_diagnostics;mrna_vaccines;solar_4th_gen;offshore_wind;ai_power_efficiency_communication;soil_p_optimization;p_efficient_cultivars;circular_food_systems;biological_nitrogen_fixation;nitrogen_circular_food;rhizosphere_engineering;nitroplast_integration;precision_fermentation_nitrogen;cold_tolerant_crops;phytoremediation_nitrogen;phytoremediation_networks;alternative_protein_insects_algae;active_sediment_management;regional_nitrogen_policies;mental_health_ai;ocean_alkalinity_enhancement;sediment_management_phosphorus;desalination_advanced;aquifer_mapping_ai;ecosystem_restoration_nitrogen;enhanced_ubi;local_resilience_networks;mech_interp_advanced;defensive_ai;strategic_grain_reserves;soil_health_restoration;struvite_recovery;precision_agriculture;nitrogen_monitoring_networks;algae_nutrient_capture;integrated_nutrient_management;pfas_remediation;ecological_proxy_rewilding;food_waste_reduction;coral_restoration_advanced;global_pfas_ban",0.000000,0.000000,0.000000,0.018767,0.000000,0.000000,0.000000,7,0.000000,0.00,0.000000,0.000000,0.000000,0.000000,0,"",0.000000,0.000000
27,47,"rlhf_basic;mech_interp_basic;adversarial_eval;direct_air_capture;ai_pollution_remediation;collective_purpose_networks;ai_diagnostics;mrna_vaccines;solar_4th_gen;offshore_wind;ai_power_efficiency_communication;soil_p_optimization;p_efficient_cultivars;circular_food_systems;biological_nitrogen_fixation;nitrogen_circular_food;rhizosphere_engineering;nitroplast_integration;precision_fermentation_nitrogen;cold_tolerant_crops;phytoremediation_nitrogen;phytoremediation_networks;alternative_protein_insects_algae;active_sediment_management;regional_nitrogen_policies;mental_health_ai;ocean_alkalinity_enhancement;sediment_management_phosphorus;desalination_advanced;aquifer_mapping_ai;ecosystem_restoration_nitrogen;enhanced_ubi;local_resilience_networks;mech_interp_advanced;defensive_ai;strategic_grain_reserves;soil_health_restoration;struvite_recovery;precision_agriculture;nitrogen_monitoring_networks;algae_nutrient_capture;integrated_nutrient_management;pfas_remediation;ecological_proxy_rewilding;food_waste_reduction;coral_restoration_advanced;global_pfas_ban",0.000000,0.000000,0.000000,0.018999,0.000000,0.000000,0.000000,7,0.000000,0.00,0.000000,0.000000,0.000000,0.000000,0,"",0.000000,0.000000
28,49,"rlhf_basic;mech_interp_basic;adversarial_eval;direct_air_capture;ai_pollution_remediation;collective_purpose_networks;ai_diagnostics;mrna_vaccines;solar_4th_gen;offshore_wind;ai_power_efficiency_communication;soil_p_optimization;p_efficient_cultivars;circular_food_systems;biological_nitrogen_fixation;nitrogen_circular_food;rhizosphere_engineering;nitroplast_integration;precision_fermentation_nitrogen;cold_tolerant_crops;phytoremediation_nitrogen;phytoremediation_networks;alternative_protein_insects_algae;active_sediment_management;regional_nitrogen_policies;mental_health_ai;ocean_alkalinity_enhancement;sediment_management_phosphorus;desalination_advanced;aquifer_mapping_ai;ecosystem_restoration_nitrogen;enhanced_ubi;local_resilience_networks;mech_interp_advanced;defensive_ai;strategic_grain_reserves;soil_health_restoration;struvite_recovery;precision_agriculture;nitrogen_monitoring_networks;algae_nutrient_capture;integrated_nutrient_management;pfas_remediation;ecological_proxy_rewilding;food_waste_reduction;coral_restoration_advanced;global_pfas_ban;habitat_restoration;emergency_greenhouse_networks",0.000000,0.000000,0.000000,0.019235,0.000000,0.000000,0.000000,7,0.000000,0.00,0.000000,0.000000,0.000000,0.000000,0,"",0.000000,0.000000
29,49,"rlhf_basic;mech_interp_basic;adversarial_eval;direct_air_capture;ai_pollution_remediation;collective_purpose_networks;ai_diagnostics;mrna_vaccines;solar_4th_gen;offshore_wind;ai_power_efficiency_communication;soil_p_optimization;p_efficient_cultivars;circular_food_systems;biological_nitrogen_fixation;nitrogen_circular_food;rhizosphere_engineering;nitroplast_integration;precision_fermentation_nitrogen;cold_tolerant_crops;phytoremediation_nitrogen;phytoremediation_networks;alternative_protein_insects_algae;active_sediment_management;regional_nitrogen_policies;mental_health_ai;ocean_alkalinity_enhancement;sediment_management_phosphorus;desalination_advanced;aquifer_mapping_ai;ecosystem_restoration_nitrogen;enhanced_ubi;local_resilience_networks;mech_interp_advanced;defensive_ai;strategic_grain_reserves;soil_health_restoration;struvite_recovery;precision_agriculture;nitrogen_monitoring_networks;algae_nutrient_capture;integrated_nutrient_management;pfas_remediation;ecological_proxy_rewilding;food_waste_reduction;coral_restoration_advanced;global_pfas_ban;habitat_restoration;emergency_greenhouse_networks",0.000000,0.000000,0.000000,0.019472,0.000000,0.000000,0.000000,7,0.000000,0.00,0.000000,0.000000,0.000000,0.000000,0,"",0.000000,0.000000
30,49,"rlhf_basic;mech_interp_basic;adversarial_eval;direct_air_capture;ai_pollution_remediation;collective_purpose_networks;ai_diagnostics;mrna_vaccines;solar_4th_gen;offshore_wind;ai_power_efficiency_communication;soil_p_optimization;p_efficient_cultivars;circular_food_systems;biological_nitrogen_fixation;nitrogen_circular_food;rhizosphere_engineering;nitroplast_integration;precision_fermentation_nitrogen;cold_tolerant_crops;phytoremediation_nitrogen;phytoremediation_networks;alternative_protein_insects_algae;active_sediment_management;regional_nitrogen_policies;mental_health_ai;ocean_alkalinity_enhancement;sediment_management_phosphorus;desalination_advanced;aquifer_mapping_ai;ecosystem_restoration_nitrogen;enhanced_ubi;local_resilience_networks;mech_interp_advanced;defensive_ai;strategic_grain_reserves;soil_health_restoration;struvite_recovery;precision_agriculture;nitrogen_monitoring_networks;algae_nutrient_capture;integrated_nutrient_management;pfas_remediation;ecological_proxy_rewilding;food_waste_reduction;coral_restoration_advanced;global_pfas_ban;habitat_restoration;emergency_greenhouse_networks",0.000000,0.000000,0.000000,0.019712,0.000000,0.000000,0.000000,7,0.000000,0.00,0.000000,0.000000,0.000000,0.000000,0,"",0.000000,0.000000
31,54,"rlhf_basic;mech_interp_basic;adversarial_eval;direct_air_capture;ai_pollution_remediation;collective_purpose_networks;ai_diagnostics;mrna_vaccines;solar_4th_gen;offshore_wind;ai_power_efficiency_communication;soil_p_optimization;p_efficient_cultivars;circular_food_systems;biological_nitrogen_fixation;nitrogen_circular_food;rhizosphere_engineering;nitroplast_integration;precision_fermentation_nitrogen;cold_tolerant_crops;phytoremediation_nitrogen;phytoremediation_networks;alternative_protein_insects_algae;active_sediment_management;regional_nitrogen_policies;mental_health_ai;ocean_alkalinity_enhancement;sediment_management_phosphorus;desalination_advanced;aquifer_mapping_ai;ecosystem_restoration_nitrogen;enhanced_ubi;local_resilience_networks;mech_interp_advanced;defensive_ai;strategic_grain_reserves;soil_health_restoration;struvite_recovery;precision_agriculture;nitrogen_monitoring_networks;algae_nutrient_capture;integrated_nutrient_management;pfas_remediation;ecological_proxy_rewilding;food_waste_reduction;coral_restoration_advanced;global_pfas_ban;habitat_restoration;emergency_greenhouse_networks;alternative_protein_insects;grid_batteries;smart_grids;green_chemistry;plastic_production_phaseout",0.000000,0.000000,0.000000,0.019954,0.000000,0.000000,0.000000,7,0.000000,0.00,0.000000,0.000000,0.000000,0.000000,0,"",0.000000,0.000000
32,54,"rlhf_basic;mech_interp_basic;adversarial_eval;direct_air_capture;ai_pollution_remediation;collective_purpose_networks;ai_diagnostics;mrna_vaccines;solar_4th_gen;offshore_wind;ai_power_efficiency_communication;soil_p_optimization;p_efficient_cultivars;circular_food_systems;biological_nitrogen_fixation;nitrogen_circular_food;rhizosphere_engineering;nitroplast_integration;precision_fermentation_nitrogen;cold_tolerant_crops;phytoremediation_nitrogen;phytoremediation_networks;alternative_protein_insects_algae;active_sediment_management;regional_nitrogen_policies;mental_health_ai;ocean_alkalinity_enhancement;sediment_management_phosphorus;desalination_advanced;aquifer_mapping_ai;ecosystem_restoration_nitrogen;enhanced_ubi;local_resilience_networks;mech_interp_advanced;defensive_ai;strategic_grain_reserves;soil_health_restoration;struvite_recovery;precision_agriculture;nitrogen_monitoring_networks;algae_nutrient_capture;integrated_nutrient_management;pfas_remediation;ecological_proxy_rewilding;food_waste_reduction;coral_restoration_advanced;global_pfas_ban;habitat_restoration;emergency_greenhouse_networks;alternative_protein_insects;grid_batteries;smart_grids;green_chemistry;plastic_production_phaseout",0.000000,0.000000,0.000000,0.022554,0.000000,0.000000,0.000000,7,0.000000,0.00,0.000000,0.000000,0.000000,0.000000,0,"",0.000000,0.000000
33,54,"rlhf_basic;mech_interp_basic;adversarial_eval;direct_air_capture;ai_pollution_remediation;collective_purpose_networks;ai_diagnostics;mrna_vaccines;solar_4th_gen;offshore_wind;ai_power_efficiency_communication;soil_p_optimization;p_efficient_cultivars;circular_food_systems;biological_nitrogen_fixation;nitrogen_circular_food;rhizosphere_engineering;nitroplast_integration;precision_fermentation_nitrogen;cold_tolerant_crops;phytoremediation_nitrogen;phytoremediation_networks;alternative_protein_insects_algae;active_sediment_management;regional_nitrogen_policies;mental_health_ai;ocean_alkalinity_enhancement;sediment_management_phosphorus;desalination_advanced;aquifer_mapping_ai;ecosystem_restoration_nitrogen;enhanced_ubi;local_resilience_networks;mech_interp_advanced;defensive_ai;strategic_grain_reserves;soil_health_restoration;struvite_recovery;precision_agriculture;nitrogen_monitoring_networks;algae_nutrient_capture;integrated_nutrient_management;pfas_remediation;ecological_proxy_rewilding;food_waste_reduction;coral_restoration_advanced;global_pfas_ban;habitat_restoration;emergency_greenhouse_networks;alternative_protein_insects;grid_batteries;smart_grids;green_chemistry;plastic_production_phaseout",0.000000,0.000000,0.000000,0.022847,0.000000,0.000000,0.000000,7,0.000000,0.00,0.000000,0.000000,0.000000,0.000000,0,"",0.000000,0.000000
34,58,"rlhf_basic;mech_interp_basic;adversarial_eval;direct_air_capture;ai_pollution_remediation;collective_purpose_networks;ai_diagnostics;mrna_vaccines;solar_4th_gen;offshore_wind;ai_power_efficiency_communication;soil_p_optimization;p_efficient_cultivars;circular_food_systems;biological_nitrogen_fixation;nitrogen_circular_food;rhizosphere_engineering;nitroplast_integration;precision_fermentation_nitrogen;cold_tolerant_crops;phytoremediation_nitrogen;phytoremediation_networks;alternative_protein_insects_algae;active_sediment_management;regional_nitrogen_policies;mental_health_ai;ocean_alkalinity_enhancement;sediment_management_phosphorus;desalination_advanced;aquifer_mapping_ai;ecosystem_restoration_nitrogen;enhanced_ubi;local_resilience_networks;mech_interp_advanced;defensive_ai;strategic_grain_reserves;soil_health_restoration;struvite_recovery;precision_agriculture;nitrogen_monitoring_networks;algae_nutrient_capture;integrated_nutrient_management;pfas_remediation;ecological_proxy_rewilding;food_waste_reduction;coral_restoration_advanced;global_pfas_ban;habitat_restoration;emergency_greenhouse_networks;alternative_protein_insects;grid_batteries;smart_grids;green_chemistry;plastic_production_phaseout;microplastic_capture;endocrine_disruptor_removal;chemical_recycling;purpose_networks_advanced",0.000000,0.000000,0.000000,0.023144,0.000000,0.000000,0.000000,7,0.000000,0.00,0.000000,0.000000,0.000000,0.000000,0,"",0.000000,0.000000
35,58,"rlhf_basic;mech_interp_basic;adversarial_eval;direct_air_capture;ai_pollution_remediation;collective_purpose_networks;ai_diagnostics;mrna_vaccines;solar_4th_gen;offshore_wind;ai_power_efficiency_communication;soil_p_optimization;p_efficient_cultivars;circular_food_systems;biological_nitrogen_fixation;nitrogen_circular_food;rhizosphere_engineering;nitroplast_integration;precision_fermentation_nitrogen;cold_tolerant_crops;phytoremediation_nitrogen;phytoremediation_networks;alternative_protein_insects_algae;active_sediment_management;regional_nitrogen_policies;mental_health_ai;ocean_alkalinity_enhancement;sediment_management_phosphorus;desalination_advanced;aquifer_mapping_ai;ecosystem_restoration_nitrogen;enhanced_ubi;local_resilience_networks;mech_interp_advanced;defensive_ai;strategic_grain_reserves;soil_health_restoration;struvite_recovery;precision_agriculture;nitrogen_monitoring_networks;algae_nutrient_capture;integrated_nutrient_management;pfas_remediation;ecological_proxy_rewilding;food_waste_reduction;coral_restoration_advanced;global_pfas_ban;habitat_restoration;emergency_greenhouse_networks;alternative_protein_insects;grid_batteries;smart_grids;green_chemistry;plastic_production_phaseout;microplastic_capture;endocrine_disruptor_removal;chemical_recycling;purpose_networks_advanced",0.000000,0.000000,0.000000,0.038162,0.000000,0.000000,0.000000,7,0.000000,0.00,0.000000,0.000000,0.000000,0.000000,0,"",0.000000,0.000000
36,58,"rlhf_basic;mech_interp_basic;adversarial_eval;direct_air_capture;ai_pollution_remediation;collective_purpose_networks;ai_diagnostics;mrna_vaccines;solar_4th_gen;offshore_wind;ai_power_efficiency_communication;soil_p_optimization;p_efficient_cultivars;circular_food_systems;biological_nitrogen_fixation;nitrogen_circular_food;rhizosphere_engineering;nitroplast_integration;precision_fermentation_nitrogen;cold_tolerant_crops;phytoremediation_nitrogen;phytoremediation_networks;alternative_protein_insects_algae;active_sediment_management;regional_nitrogen_policies;mental_health_ai;ocean_alkalinity_enhancement;sediment_management_phosphorus;desalination_advanced;aquifer_mapping_ai;ecosystem_restoration_nitrogen;enhanced_ubi;local_resilience_networks;mech_interp_advanced;defensive_ai;strategic_grain_reserves;soil_health_restoration;struvite_recovery;precision_agriculture;nitrogen_monitoring_networks;algae_nutrient_capture;integrated_nutrient_management;pfas_remediation;ecological_proxy_rewilding;food_waste_reduction;coral_restoration_advanced;global_pfas_ban;habitat_restoration;emergency_greenhouse_networks;alternative_protein_insects;grid_batteries;smart_grids;green_chemistry;plastic_production_phaseout;microplastic_capture;endocrine_disruptor_removal;chemical_recycling;purpose_networks_advanced",0.000000,0.000000,0.000000,0.038753,0.000000,0.000000,0.000000,7,0.000000,0.00,0.000000,0.000000,0.000000,0.000000,0,"",0.000000,0.000000
37,63,"rlhf_basic;mech_interp_basic;adversarial_eval;direct_air_capture;ai_pollution_remediation;collective_purpose_networks;ai_diagnostics;mrna_vaccines;solar_4th_gen;offshore_wind;ai_power_efficiency_communication;soil_p_optimization;p_efficient_cultivars;circular_food_systems;biological_nitrogen_fixation;nitrogen_circular_food;rhizosphere_engineering;nitroplast_integration;precision_fermentation_nitrogen;cold_tolerant_crops;phytoremediation_nitrogen;phytoremediation_networks;alternative_protein_insects_algae;active_sediment_management;regional_nitrogen_policies;mental_health_ai;ocean_alkalinity_enhancement;sediment_management_phosphorus;desalination_advanced;aquifer_mapping_ai;ecosystem_restoration_nitrogen;enhanced_ubi;local_resilience_networks;mech_interp_advanced;defensive_ai;strategic_grain_reserves;soil_health_restoration;struvite_recovery;precision_agriculture;nitrogen_monitoring_networks;algae_nutrient_capture;integrated_nutrient_management;pfas_remediation;ecological_proxy_rewilding;food_waste_reduction;coral_restoration_advanced;global_pfas_ban;habitat_restoration;emergency_greenhouse_networks;alternative_protein_insects;grid_batteries;smart_grids;green_chemistry;plastic_production_phaseout;microplastic_capture;endocrine_disruptor_removal;chemical_recycling;purpose_networks_advanced;education_personalization;precision_conservation;invasive_species_control;marine_cloud_brightening;bioenergy_ccs",0.000000,0.000000,0.000000,0.039353,0.000000,0.000000,0.000000,7,0.000000,0.00,0.000000,0.000000,0.000000,0.000000,0,"",0.000000,0.000000
38,63,"rlhf_basic;mech_interp_basic;adversarial_eval;direct_air_capture;ai_pollution_remediation;collective_purpose_networks;ai_diagnostics;mrna_vaccines;solar_4th_gen;offshore_wind;ai_power_efficiency_communication;soil_p_optimization;p_efficient_cultivars;circular_food_systems;biological_nitrogen_fixation;nitrogen_circular_food;rhizosphere_engineering;nitroplast_integration;precision_fermentation_nitrogen;cold_tolerant_crops;phytoremediation_nitrogen;phytoremediation_networks;alternative_protein_insects_algae;active_sediment_management;regional_nitrogen_policies;mental_health_ai;ocean_alkalinity_enhancement;sediment_management_phosphorus;desalination_advanced;aquifer_mapping_ai;ecosystem_restoration_nitrogen;enhanced_ubi;local_resilience_networks;mech_interp_advanced;defensive_ai;strategic_grain_reserves;soil_health_restoration;struvite_recovery;precision_agriculture;nitrogen_monitoring_networks;algae_nutrient_capture;integrated_nutrient_management;pfas_remediation;ecological_proxy_rewilding;food_waste_reduction;coral_restoration_advanced;global_pfas_ban;habitat_restoration;emergency_greenhouse_networks;alternative_protein_insects;grid_batteries;smart_grids;green_chemistry;plastic_production_phaseout;microplastic_capture;endocrine_disruptor_removal;chemical_recycling;purpose_networks_advanced;education_personalization;precision_conservation;invasive_species_control;marine_cloud_brightening;bioenergy_ccs",0.000000,0.000000,0.000000,0.039962,0.000000,0.000000,0.000000,7,0.000000,0.00,0.000000,0.000000,0.000000,0.000000,0,"",0.000000,0.000000
39,63,"rlhf_basic;mech_interp_basic;adversarial_eval;direct_air_capture;ai_pollution_remediation;collective_purpose_networks;ai_diagnostics;mrna_vaccines;solar_4th_gen;offshore_wind;ai_power_efficiency_communication;soil_p_optimization;p_efficient_cultivars;circular_food_systems;biological_nitrogen_fixation;nitrogen_circular_food;rhizosphere_engineering;nitroplast_integration;precision_fermentation_nitrogen;cold_tolerant_crops;phytoremediation_nitrogen;phytoremediation_networks;alternative_protein_insects_algae;active_sediment_management;regional_nitrogen_policies;mental_health_ai;ocean_alkalinity_enhancement;sediment_management_phosphorus;desalination_advanced;aquifer_mapping_ai;ecosystem_restoration_nitrogen;enhanced_ubi;local_resilience_networks;mech_interp_advanced;defensive_ai;strategic_grain_reserves;soil_health_restoration;struvite_recovery;precision_agriculture;nitrogen_monitoring_networks;algae_nutrient_capture;integrated_nutrient_management;pfas_remediation;ecological_proxy_rewilding;food_waste_reduction;coral_restoration_advanced;global_pfas_ban;habitat_restoration;emergency_greenhouse_networks;alternative_protein_insects;grid_batteries;smart_grids;green_chemistry;plastic_production_phaseout;microplastic_capture;endocrine_disruptor_removal;chemical_recycling;purpose_networks_advanced;education_personalization;precision_conservation;invasive_species_control;marine_cloud_brightening;bioenergy_ccs",0.000000,0.000000,0.000000,0.040581,0.000000,0.000000,0.000000,7,0.000000,0.00,0.000000,0.000000,0.000000,0.000000,0,"",0.000000,0.000000
40,68,"rlhf_basic;mech_interp_basic;adversarial_eval;direct_air_capture;ai_pollution_remediation;collective_purpose_networks;ai_diagnostics;mrna_vaccines;solar_4th_gen;offshore_wind;ai_power_efficiency_communication;soil_p_optimization;p_efficient_cultivars;circular_food_systems;biological_nitrogen_fixation;nitrogen_circular_food;rhizosphere_engineering;nitroplast_integration;precision_fermentation_nitrogen;cold_tolerant_crops;phytoremediation_nitrogen;phytoremediation_networks;alternative_protein_insects_algae;active_sediment_management;regional_nitrogen_policies;mental_health_ai;ocean_alkalinity_enhancement;sediment_management_phosphorus;desalination_advanced;aquifer_mapping_ai;ecosystem_restoration_nitrogen;enhanced_ubi;local_resilience_networks;mech_interp_advanced;defensive_ai;strategic_grain_reserves;soil_health_restoration;struvite_recovery;precision_agriculture;nitrogen_monitoring_networks;algae_nutrient_capture;integrated_nutrient_management;pfas_remediation;ecological_proxy_rewilding;food_waste_reduction;coral_restoration_advanced;global_pfas_ban;habitat_restoration;emergency_greenhouse_networks;alternative_protein_insects;grid_batteries;smart_grids;green_chemistry;plastic_production_phaseout;microplastic_capture;endocrine_disruptor_removal;chemical_recycling;purpose_networks_advanced;education_personalization;precision_conservation;invasive_species_control;marine_cloud_brightening;bioenergy_ccs;emergency_food_distribution_ai;drought_resistant_crops;pesticide_alternatives;vertical_farming;precision_fermentation",0.000000,0.000000,0.000000,0.041208,0.000000,0.000000,0.000000,7,0.000000,0.00,0.000000,0.000000,0.000000,0.000000,0,"",0.000000,0.000000
41,68,"rlhf_basic;mech_interp_basic;adversarial_eval;direct_air_capture;ai_pollution_remediation;collective_purpose_networks;ai_diagnostics;mrna_vaccines;solar_4th_gen;offshore_wind;ai_power_efficiency_communication;soil_p_optimization;p_efficient_cultivars;circular_food_systems;biological_nitrogen_fixation;nitrogen_circular_food;rhizosphere_engineering;nitroplast_integration;precision_fermentation_nitrogen;cold_tolerant_crops;phytoremediation_nitrogen;phytoremediation_networks;alternative_protein_insects_algae;active_sediment_management;regional_nitrogen_policies;mental_health_ai;ocean_alkalinity_enhancement;sediment_management_phosphorus;desalination_advanced;aquifer_mapping_ai;ecosystem_restoration_nitrogen;enhanced_ubi;local_resilience_networks;mech_interp_advanced;defensive_ai;strategic_grain_reserves;soil_health_restoration;struvite_recovery;precision_agriculture;nitrogen_monitoring_networks;algae_nutrient_capture;integrated_nutrient_management;pfas_remediation;ecological_proxy_rewilding;food_waste_reduction;coral_restoration_advanced;global_pfas_ban;habitat_restoration;emergency_greenhouse_networks;alternative_protein_insects;grid_batteries;smart_grids;green_chemistry;plastic_production_phaseout;microplastic_capture;endocrine_disruptor_removal;chemical_recycling;purpose_networks_advanced;education_personalization;precision_conservation;invasive_species_control;marine_cloud_brightening;bioenergy_ccs;emergency_food_distribution_ai;drought_resistant_crops;pesticide_alternatives;vertical_farming;precision_fermentation",0.000000,0.000000,0.000000,0.041845,0.000000,0.000000,0.000000,7,0.000000,0.00,0.000000,0.000000,0.000000,0.000000,0,"",0.000000,0.000000
42,68,"rlhf_basic;mech_interp_basic;adversarial_eval;direct_air_capture;ai_pollution_remediation;collective_purpose_networks;ai_diagnostics;mrna_vaccines;solar_4th_gen;offshore_wind;ai_power_efficiency_communication;soil_p_optimization;p_efficient_cultivars;circular_food_systems;biological_nitrogen_fixation;nitrogen_circular_food;rhizosphere_engineering;nitroplast_integration;precision_fermentation_nitrogen;cold_tolerant_crops;phytoremediation_nitrogen;phytoremediation_networks;alternative_protein_insects_algae;active_sediment_management;regional_nitrogen_policies;mental_health_ai;ocean_alkalinity_enhancement;sediment_management_phosphorus;desalination_advanced;aquifer_mapping_ai;ecosystem_restoration_nitrogen;enhanced_ubi;local_resilience_networks;mech_interp_advanced;defensive_ai;strategic_grain_reserves;soil_health_restoration;struvite_recovery;precision_agriculture;nitrogen_monitoring_networks;algae_nutrient_capture;integrated_nutrient_management;pfas_remediation;ecological_proxy_rewilding;food_waste_reduction;coral_restoration_advanced;global_pfas_ban;habitat_restoration;emergency_greenhouse_networks;alternative_protein_insects;grid_batteries;smart_grids;green_chemistry;plastic_production_phaseout;microplastic_capture;endocrine_disruptor_removal;chemical_recycling;purpose_networks_advanced;education_personalization;precision_conservation;invasive_species_control;marine_cloud_brightening;bioenergy_ccs;emergency_food_distribution_ai;drought_resistant_crops;pesticide_alternatives;vertical_farming;precision_fermentation",0.000000,0.000000,0.000000,0.042491,0.000000,0.000000,0.000000,7,0.000000,0.00,0.000000,0.000000,0.000000,0.000000,0,"",0.000000,0.000000
43,73,"rlhf_basic;mech_interp_basic;adversarial_eval;direct_air_capture;ai_pollution_remediation;collective_purpose_networks;ai_diagnostics;mrna_vaccines;solar_4th_gen;offshore_wind;ai_power_efficiency_communication;soil_p_optimization;p_efficient_cultivars;circular_food_systems;biological_nitrogen_fixation;nitrogen_circular_food;rhizosphere_engineering;nitroplast_integration;precision_fermentation_nitrogen;cold_tolerant_crops;phytoremediation_nitrogen;phytoremediation_networks;alternative_protein_insects_algae;active_sediment_management;regional_nitrogen_policies;mental_health_ai;ocean_alkalinity_enhancement;sediment_management_phosphorus;desalination_advanced;aquifer_mapping_ai;ecosystem_restoration_nitrogen;enhanced_ubi;local_resilience_networks;mech_interp_advanced;defensive_ai;strategic_grain_reserves;soil_health_restoration;struvite_recovery;precision_agriculture;nitrogen_monitoring_networks;algae_nutrient_capture;integrated_nutrient_management;pfas_remediation;ecological_proxy_rewilding;food_waste_reduction;coral_restoration_advanced;global_pfas_ban;habitat_restoration;emergency_greenhouse_networks;alternative_protein_insects;grid_batteries;smart_grids;green_chemistry;plastic_production_phaseout;microplastic_capture;endocrine_disruptor_removal;chemical_recycling;purpose_networks_advanced;education_personalization;precision_conservation;invasive_species_control;marine_cloud_brightening;bioenergy_ccs;emergency_food_distribution_ai;drought_resistant_crops;pesticide_alternatives;vertical_farming;precision_fermentation;atmospheric_water_harvest;solar_5th_gen;geothermal_advanced;hydrogen_economy;plastic_eating_enzymes",0.000000,0.000000,0.000000,0.043147,0.000000,0.000000,0.000000,7,0.000000,0.00,0.000000,0.000000,0.000000,0.000000,0,"",0.000000,0.000000
44,73,"rlhf_basic;mech_interp_basic;adversarial_eval;direct_air_capture;ai_pollution_remediation;collective_purpose_networks;ai_diagnostics;mrna_vaccines;solar_4th_gen;offshore_wind;ai_power_efficiency_communication;soil_p_optimization;p_efficient_cultivars;circular_food_systems;biological_nitrogen_fixation;nitrogen_circular_food;rhizosphere_engineering;nitroplast_integration;precision_fermentation_nitrogen;cold_tolerant_crops;phytoremediation_nitrogen;phytoremediation_networks;alternative_protein_insects_algae;active_sediment_management;regional_nitrogen_policies;mental_health_ai;ocean_alkalinity_enhancement;sediment_management_phosphorus;desalination_advanced;aquifer_mapping_ai;ecosystem_restoration_nitrogen;enhanced_ubi;local_resilience_networks;mech_interp_advanced;defensive_ai;strategic_grain_reserves;soil_health_restoration;struvite_recovery;precision_agriculture;nitrogen_monitoring_networks;algae_nutrient_capture;integrated_nutrient_management;pfas_remediation;ecological_proxy_rewilding;food_waste_reduction;coral_restoration_advanced;global_pfas_ban;habitat_restoration;emergency_greenhouse_networks;alternative_protein_insects;grid_batteries;smart_grids;green_chemistry;plastic_production_phaseout;microplastic_capture;endocrine_disruptor_removal;chemical_recycling;purpose_networks_advanced;education_personalization;precision_conservation;invasive_species_control;marine_cloud_brightening;bioenergy_ccs;emergency_food_distribution_ai;drought_resistant_crops;pesticide_alternatives;vertical_farming;precision_fermentation;atmospheric_water_harvest;solar_5th_gen;geothermal_advanced;hydrogen_economy;plastic_eating_enzymes",0.000000,0.000000,0.000000,0.048228,0.000000,0.000000,0.000000,7,0.000000,0.00,0.000000,0.000000,0.000000,0.000000,0,"",0.000000,0.000000
45,73,"rlhf_basic;mech_interp_basic;adversarial_eval;direct_air_capture;ai_pollution_remediation;collective_purpose_networks;ai_diagnostics;mrna_vaccines;solar_4th_gen;offshore_wind;ai_power_efficiency_communication;soil_p_optimization;p_efficient_cultivars;circular_food_systems;biological_nitrogen_fixation;nitrogen_circular_food;rhizosphere_engineering;nitroplast_integration;precision_fermentation_nitrogen;cold_tolerant_crops;phytoremediation_nitrogen;phytoremediation_networks;alternative_protein_insects_algae;active_sediment_management;regional_nitrogen_policies;mental_health_ai;ocean_alkalinity_enhancement;sediment_management_phosphorus;desalination_advanced;aquifer_mapping_ai;ecosystem_restoration_nitrogen;enhanced_ubi;local_resilience_networks;mech_interp_advanced;defensive_ai;strategic_grain_reserves;soil_health_restoration;struvite_recovery;precision_agriculture;nitrogen_monitoring_networks;algae_nutrient_capture;integrated_nutrient_management;pfas_remediation;ecological_proxy_rewilding;food_waste_reduction;coral_restoration_advanced;global_pfas_ban;habitat_restoration;emergency_greenhouse_networks;alternative_protein_insects;grid_batteries;smart_grids;green_chemistry;plastic_production_phaseout;microplastic_capture;endocrine_disruptor_removal;chemical_recycling;purpose_networks_advanced;education_personalization;precision_conservation;invasive_species_control;marine_cloud_brightening;bioenergy_ccs;emergency_food_distribution_ai;drought_resistant_crops;pesticide_alternatives;vertical_farming;precision_fermentation;atmospheric_water_harvest;solar_5th_gen;geothermal_advanced;hydrogen_economy;plastic_eating_enzymes",0.000000,0.000000,0.000000,0.048990,0.000000,0.000000,0.000000,7,0.000000,0.00,0.000000,0.000000,0.000000,0.000000,0,"",0.000000,0.000000
46,78,"rlhf_basic;mech_interp_basic;adversarial_eval;direct_air_capture;ai_pollution_remediation;collective_purpose_networks;ai_diagnostics;mrna_vaccines;solar_4th_gen;offshore_wind;ai_power_efficiency_communication;soil_p_optimization;p_efficient_cultivars;circular_food_systems;biological_nitrogen_fixation;nitrogen_circular_food;rhizosphere_engineering;nitroplast_integration;precision_fermentation_nitrogen;cold_tolerant_crops;phytoremediation_nitrogen;phytoremediation_networks;alternative_protein_insects_algae;active_sediment_management;regional_nitrogen_policies;mental_health_ai;ocean_alkalinity_enhancement;sediment_management_phosphorus;desalination_advanced;aquifer_mapping_ai;ecosystem_restoration_nitrogen;enhanced_ubi;local_resilience_networks;mech_interp_advanced;defensive_ai;strategic_grain_reserves;soil_health_restoration;struvite_recovery;precision_agriculture;nitrogen_monitoring_networks;algae_nutrient_capture;integrated_nutrient_management;pfas_remediation;ecological_proxy_rewilding;food_waste_reduction;coral_restoration_advanced;global_pfas_ban;habitat_restoration;emergency_greenhouse_networks;alternative_protein_insects;grid_batteries;smart_grids;green_chemistry;plastic_production_phaseout;microplastic_capture;endocrine_disruptor_removal;chemical_recycling;purpose_networks_advanced;education_personalization;precision_conservation;invasive_species_control;marine_cloud_brightening;bioenergy_ccs;emergency_food_distribution_ai;drought_resistant_crops;pesticide_alternatives;vertical_farming;precision_fermentation;atmospheric_water_harvest;solar_5th_gen;geothermal_advanced;hydrogen_economy;plastic_eating_enzymes;green_chemistry_substitution;nanomaterial_safety;rare_earth_recycling;ai_community_matching;creative_empowerment_tools",0.000000,0.000000,0.000000,0.049764,0.000000,0.000000,0.000000,7,0.000000,0.00,0.000000,0.000000,0.000000,0.000000,0,"",0.000000,0.000000
47,78,"rlhf_basic;mech_interp_basic;adversarial_eval;direct_air_capture;ai_pollution_remediation;collective_purpose_networks;ai_diagnostics;mrna_vaccines;solar_4th_gen;offshore_wind;ai_power_efficiency_communication;soil_p_optimization;p_efficient_cultivars;circular_food_systems;biological_nitrogen_fixation;nitrogen_circular_food;rhizosphere_engineering;nitroplast_integration;precision_fermentation_nitrogen;cold_tolerant_crops;phytoremediation_nitrogen;phytoremediation_networks;alternative_protein_insects_algae;active_sediment_management;regional_nitrogen_policies;mental_health_ai;ocean_alkalinity_enhancement;sediment_management_phosphorus;desalination_advanced;aquifer_mapping_ai;ecosystem_restoration_nitrogen;enhanced_ubi;local_resilience_networks;mech_interp_advanced;defensive_ai;strategic_grain_reserves;soil_health_restoration;struvite_recovery;precision_agriculture;nitrogen_monitoring_networks;algae_nutrient_capture;integrated_nutrient_management;pfas_remediation;ecological_proxy_rewilding;food_waste_reduction;coral_restoration_advanced;global_pfas_ban;habitat_restoration;emergency_greenhouse_networks;alternative_protein_insects;grid_batteries;smart_grids;green_chemistry;plastic_production_phaseout;microplastic_capture;endocrine_disruptor_removal;chemical_recycling;purpose_networks_advanced;education_personalization;precision_conservation;invasive_species_control;marine_cloud_brightening;bioenergy_ccs;emergency_food_distribution_ai;drought_resistant_crops;pesticide_alternatives;vertical_farming;precision_fermentation;atmospheric_water_harvest;solar_5th_gen;geothermal_advanced;hydrogen_economy;plastic_eating_enzymes;green_chemistry_substitution;nanomaterial_safety;rare_earth_recycling;ai_community_matching;creative_empowerment_tools",0.000000,0.000000,0.000000,0.052905,0.000000,0.000000,0.000000,7,0.000000,0.00,0.000000,0.000000,0.000000,0.000000,0,"",0.000000,0.000000
48,78,"rlhf_basic;mech_interp_basic;adversarial_eval;direct_air_capture;ai_pollution_remediation;collective_purpose_networks;ai_diagnostics;mrna_vaccines;solar_4th_gen;offshore_wind;ai_power_efficiency_communication;soil_p_optimization;p_efficient_cultivars;circular_food_systems;biological_nitrogen_fixation;nitrogen_circular_food;rhizosphere_engineering;nitroplast_integration;precision_fermentation_nitrogen;cold_tolerant_crops;phytoremediation_nitrogen;phytoremediation_networks;alternative_protein_insects_algae;active_sediment_management;regional_nitrogen_policies;mental_health_ai;ocean_alkalinity_enhancement;sediment_management_phosphorus;desalination_advanced;aquifer_mapping_ai;ecosystem_restoration_nitrogen;enhanced_ubi;local_resilience_networks;mech_interp_advanced;defensive_ai;strategic_grain_reserves;soil_health_restoration;struvite_recovery;precision_agriculture;nitrogen_monitoring_networks;algae_nutrient_capture;integrated_nutrient_management;pfas_remediation;ecological_proxy_rewilding;food_waste_reduction;coral_restoration_advanced;global_pfas_ban;habitat_restoration;emergency_greenhouse_networks;alternative_protein_insects;grid_batteries;smart_grids;green_chemistry;plastic_production_phaseout;microplastic_capture;endocrine_disruptor_removal;chemical_recycling;purpose_networks_advanced;education_personalization;precision_conservation;invasive_species_control;marine_cloud_brightening;bioenergy_ccs;emergency_food_distribution_ai;drought_resistant_crops;pesticide_alternatives;vertical_farming;precision_fermentation;atmospheric_water_harvest;solar_5th_gen;geothermal_advanced;hydrogen_economy;plastic_eating_enzymes;green_chemistry_substitution;nanomaterial_safety;rare_earth_recycling;ai_community_matching;creative_empowerment_tools",0.000000,0.000000,0.000000,0.053749,0.000000,0.000000,0.000000,7,0.000000,0.00,0.000000,0.000000,0.000000,0.000000,0,"",0.000000,0.000000
49,82,"rlhf_basic;mech_interp_basic;adversarial_eval;direct_air_capture;ai_pollution_remediation;collective_purpose_networks;ai_diagnostics;mrna_vaccines;solar_4th_gen;offshore_wind;ai_power_efficiency_communication;soil_p_optimization;p_efficient_cultivars;circular_food_systems;biological_nitrogen_fixation;nitrogen_circular_food;rhizosphere_engineering;nitroplast_integration;precision_fermentation_nitrogen;cold_tolerant_crops;phytoremediation_nitrogen;phytoremediation_networks;alternative_protein_insects_algae;active_sediment_management;regional_nitrogen_policies;mental_health_ai;ocean_alkalinity_enhancement;sediment_management_phosphorus;desalination_advanced;aquifer_mapping_ai;ecosystem_restoration_nitrogen;enhanced_ubi;local_resilience_networks;mech_interp_advanced;defensive_ai;strategic_grain_reserves;soil_health_restoration;struvite_recovery;precision_agriculture;nitrogen_monitoring_networks;algae_nutrient_capture;integrated_nutrient_management;pfas_remediation;ecological_proxy_rewilding;food_waste_reduction;coral_restoration_advanced;global_pfas_ban;habitat_restoration;emergency_greenhouse_networks;alternative_protein_insects;grid_batteries;smart_grids;green_chemistry;plastic_production_phaseout;microplastic_capture;endocrine_disruptor_removal;chemical_recycling;purpose_networks_advanced;education_personalization;precision_conservation;invasive_species_control;marine_cloud_brightening;bioenergy_ccs;emergency_food_distribution_ai;drought_resistant_crops;pesticide_alternatives;vertical_farming;precision_fermentation;atmospheric_water_harvest;solar_5th_gen;geothermal_advanced;hydrogen_economy;plastic_eating_enzymes;green_chemistry_substitution;nanomaterial_safety;rare_earth_recycling;ai_community_matching;creative_empowerment_tools;democratic_ai_governance;scalable_oversight;stratospheric_aerosols;green_ammonia_production",0.000000,0.000000,0.000000,0.054606,0.000000,0.000000,0.000000,7,0.000000,0.00,0.000000,0.000000,0.000000,0.000000,0,"",0.000000,0.000000
50,82,"rlhf_basic;mech_interp_basic;adversarial_eval;direct_air_capture;ai_pollution_remediation;collective_purpose_networks;ai_diagnostics;mrna_vaccines;solar_4th_gen;offshore_wind;ai_power_efficiency_communication;soil_p_optimization;p_efficient_cultivars;circular_food_systems;biological_nitrogen_fixation;nitrogen_circular_food;rhizosphere_engineering;nitroplast_integration;precision_fermentation_nitrogen;cold_tolerant_crops;phytoremediation_nitrogen;phytoremediation_networks;alternative_protein_insects_algae;active_sediment_management;regional_nitrogen_policies;mental_health_ai;ocean_alkalinity_enhancement;sediment_management_phosphorus;desalination_advanced;aquifer_mapping_ai;ecosystem_restoration_nitrogen;enhanced_ubi;local_resilience_networks;mech_interp_advanced;defensive_ai;strategic_grain_reserves;soil_health_restoration;struvite_recovery;precision_agriculture;nitrogen_monitoring_networks;algae_nutrient_capture;integrated_nutrient_management;pfas_remediation;ecological_proxy_rewilding;food_waste_reduction;coral_restoration_advanced;global_pfas_ban;habitat_restoration;emergency_greenhouse_networks;alternative_protein_insects;grid_batteries;smart_grids;green_chemistry;plastic_production_phaseout;microplastic_capture;endocrine_disruptor_removal;chemical_recycling;purpose_networks_advanced;education_personalization;precision_conservation;invasive_species_control;marine_cloud_brightening;bioenergy_ccs;emergency_food_distribution_ai;drought_resistant_crops;pesticide_alternatives;vertical_farming;precision_fermentation;atmospheric_water_harvest;solar_5th_gen;geothermal_advanced;hydrogen_economy;plastic_eating_enzymes;green_chemistry_substitution;nanomaterial_safety;rare_earth_recycling;ai_community_matching;creative_empowerment_tools;democratic_ai_governance;scalable_oversight;stratospheric_aerosols;green_ammonia_production",0.000000,0.000000,0.000000,0.055476,0.000000,0.000000,0.000000,7,0.000000,0.00,0.000000,0.000000,0.000000,0.000000,0,"",0.000000,0.000000
51,82,"rlhf_basic;mech_interp_basic;adversarial_eval;direct_air_capture;ai_pollution_remediation;collective_purpose_networks;ai_diagnostics;mrna_vaccines;solar_4th_gen;offshore_wind;ai_power_efficiency_communication;soil_p_optimization;p_efficient_cultivars;circular_food_systems;biological_nitrogen_fixation;nitrogen_circular_food;rhizosphere_engineering;nitroplast_integration;precision_fermentation_nitrogen;cold_tolerant_crops;phytoremediation_nitrogen;phytoremediation_networks;alternative_protein_insects_algae;active_sediment_management;regional_nitrogen_policies;mental_health_ai;ocean_alkalinity_enhancement;sediment_management_phosphorus;desalination_advanced;aquifer_mapping_ai;ecosystem_restoration_nitrogen;enhanced_ubi;local_resilience_networks;mech_interp_advanced;defensive_ai;strategic_grain_reserves;soil_health_restoration;struvite_recovery;precision_agriculture;nitrogen_monitoring_networks;algae_nutrient_capture;integrated_nutrient_management;pfas_remediation;ecological_proxy_rewilding;food_waste_reduction;coral_restoration_advanced;global_pfas_ban;habitat_restoration;emergency_greenhouse_networks;alternative_protein_insects;grid_batteries;smart_grids;green_chemistry;plastic_production_phaseout;microplastic_capture;endocrine_disruptor_removal;chemical_recycling;purpose_networks_advanced;education_personalization;precision_conservation;invasive_species_control;marine_cloud_brightening;bioenergy_ccs;emergency_food_distribution_ai;drought_resistant_crops;pesticide_alternatives;vertical_farming;precision_fermentation;atmospheric_water_harvest;solar_5th_gen;geothermal_advanced;hydrogen_economy;plastic_eating_enzymes;green_chemistry_substitution;nanomaterial_safety;rare_earth_recycling;ai_community_matching;creative_empowerment_tools;democratic_ai_governance;scalable_oversight;stratospheric_aerosols;green_ammonia_production",0.000000,0.000000,0.000000,0.056360,0.000000,0.000000,0.000000,7,0.000000,0.00,0.000000,0.000000,0.000000,0.000000,0,"",0.000000,0.000000
52,87,"rlhf_basic;mech_interp_basic;adversarial_eval;direct_air_capture;ai_pollution_remediation;collective_purpose_networks;ai_diagnostics;mrna_vaccines;solar_4th_gen;offshore_wind;ai_power_efficiency_communication;soil_p_optimization;p_efficient_cultivars;circular_food_systems;biological_nitrogen_fixation;nitrogen_circular_food;rhizosphere_engineering;nitroplast_integration;precision_fermentation_nitrogen;cold_tolerant_crops;phytoremediation_nitrogen;phytoremediation_networks;alternative_protein_insects_algae;active_sediment_management;regional_nitrogen_policies;mental_health_ai;ocean_alkalinity_enhancement;sediment_management_phosphorus;desalination_advanced;aquifer_mapping_ai;ecosystem_restoration_nitrogen;enhanced_ubi;local_resilience_networks;mech_interp_advanced;defensive_ai;strategic_grain_reserves;soil_health_restoration;struvite_recovery;precision_agriculture;nitrogen_monitoring_networks;algae_nutrient_capture;integrated_nutrient_management;pfas_remediation;ecological_proxy_rewilding;food_waste_reduction;coral_restoration_advanced;global_pfas_ban;habitat_restoration;emergency_greenhouse_networks;alternative_protein_insects;grid_batteries;smart_grids;green_chemistry;plastic_production_phaseout;microplastic_capture;endocrine_disruptor_removal;chemical_recycling;purpose_networks_advanced;education_personalization;precision_conservation;invasive_species_control;marine_cloud_brightening;bioenergy_ccs;emergency_food_distribution_ai;drought_resistant_crops;pesticide_alternatives;vertical_farming;precision_fermentation;atmospheric_water_harvest;solar_5th_gen;geothermal_advanced;hydrogen_economy;plastic_eating_enzymes;green_chemistry_substitution;nanomaterial_safety;rare_earth_recycling;ai_community_matching;creative_empowerment_tools;democratic_ai_governance;scalable_oversight;stratospheric_aerosols;green_ammonia_production;personalized_medicine;longevity_basic;artificial_upwelling;fusion_materials;fusion_plasma_control",0.000000,0.000000,0.000000,0.057258,0.000000,0.000000,0.000000,7,0.000000,0.00,0.000000,0.000000,0.000000,0.000000,0,"",0.000000,0.000000
53,87,"rlhf_basic;mech_interp_basic;adversarial_eval;direct_air_capture;ai_pollution_remediation;collective_purpose_networks;ai_diagnostics;mrna_vaccines;solar_4th_gen;offshore_wind;ai_power_efficiency_communication;soil_p_optimization;p_efficient_cultivars;circular_food_systems;biological_nitrogen_fixation;nitrogen_circular_food;rhizosphere_engineering;nitroplast_integration;precision_fermentation_nitrogen;cold_tolerant_crops;phytoremediation_nitrogen;phytoremediation_networks;alternative_protein_insects_algae;active_sediment_management;regional_nitrogen_policies;mental_health_ai;ocean_alkalinity_enhancement;sediment_management_phosphorus;desalination_advanced;aquifer_mapping_ai;ecosystem_restoration_nitrogen;enhanced_ubi;local_resilience_networks;mech_interp_advanced;defensive_ai;strategic_grain_reserves;soil_health_restoration;struvite_recovery;precision_agriculture;nitrogen_monitoring_networks;algae_nutrient_capture;integrated_nutrient_management;pfas_remediation;ecological_proxy_rewilding;food_waste_reduction;coral_restoration_advanced;global_pfas_ban;habitat_restoration;emergency_greenhouse_networks;alternative_protein_insects;grid_batteries;smart_grids;green_chemistry;plastic_production_phaseout;microplastic_capture;endocrine_disruptor_removal;chemical_recycling;purpose_networks_advanced;education_personalization;precision_conservation;invasive_species_control;marine_cloud_brightening;bioenergy_ccs;emergency_food_distribution_ai;drought_resistant_crops;pesticide_alternatives;vertical_farming;precision_fermentation;atmospheric_water_harvest;solar_5th_gen;geothermal_advanced;hydrogen_economy;plastic_eating_enzymes;green_chemistry_substitution;nanomaterial_safety;rare_earth_recycling;ai_community_matching;creative_empowerment_tools;democratic_ai_governance;scalable_oversight;stratospheric_aerosols;green_ammonia_production;personalized_medicine;longevity_basic;artificial_upwelling;fusion_materials;fusion_plasma_control",0.000000,0.000000,0.000000,0.058170,0.000000,0.000000,0.000000,7,0.000000,0.00,0.000000,0.000000,0.000000,0.000000,0,"",0.000000,0.000000
54,87,"rlhf_basic;mech_interp_basic;adversarial_eval;direct_air_capture;ai_pollution_remediation;collective_purpose_networks;ai_diagnostics;mrna_vaccines;solar_4th_gen;offshore_wind;ai_power_efficiency_communication;soil_p_optimization;p_efficient_cultivars;circular_food_systems;biological_nitrogen_fixation;nitrogen_circular_food;rhizosphere_engineering;nitroplast_integration;precision_fermentation_nitrogen;cold_tolerant_crops;phytoremediation_nitrogen;phytoremediation_networks;alternative_protein_insects_algae;active_sediment_management;regional_nitrogen_policies;mental_health_ai;ocean_alkalinity_enhancement;sediment_management_phosphorus;desalination_advanced;aquifer_mapping_ai;ecosystem_restoration_nitrogen;enhanced_ubi;local_resilience_networks;mech_interp_advanced;defensive_ai;strategic_grain_reserves;soil_health_restoration;struvite_recovery;precision_agriculture;nitrogen_monitoring_networks;algae_nutrient_capture;integrated_nutrient_management;pfas_remediation;ecological_proxy_rewilding;food_waste_reduction;coral_restoration_advanced;global_pfas_ban;habitat_restoration;emergency_greenhouse_networks;alternative_protein_insects;grid_batteries;smart_grids;green_chemistry;plastic_production_phaseout;microplastic_capture;endocrine_disruptor_removal;chemical_recycling;purpose_networks_advanced;education_personalization;precision_conservation;invasive_species_control;marine_cloud_brightening;bioenergy_ccs;emergency_food_distribution_ai;drought_resistant_crops;pesticide_alternatives;vertical_farming;precision_fermentation;atmospheric_water_harvest;solar_5th_gen;geothermal_advanced;hydrogen_economy;plastic_eating_enzymes;green_chemistry_substitution;nanomaterial_safety;rare_earth_recycling;ai_community_matching;creative_empowerment_tools;democratic_ai_governance;scalable_oversight;stratospheric_aerosols;green_ammonia_production;personalized_medicine;longevity_basic;artificial_upwelling;fusion_materials;fusion_plasma_control",0.000000,0.000000,0.000000,0.059096,0.000000,0.000000,0.000000,7,0.000000,0.00,0.000000,0.000000,0.000000,0.000000,0,"",0.000000,0.000000
55,92,"rlhf_basic;mech_interp_basic;adversarial_eval;direct_air_capture;ai_pollution_remediation;collective_purpose_networks;ai_diagnostics;mrna_vaccines;solar_4th_gen;offshore_wind;ai_power_efficiency_communication;soil_p_optimization;p_efficient_cultivars;circular_food_systems;biological_nitrogen_fixation;nitrogen_circular_food;rhizosphere_engineering;nitroplast_integration;precision_fermentation_nitrogen;cold_tolerant_crops;phytoremediation_nitrogen;phytoremediation_networks;alternative_protein_insects_algae;active_sediment_management;regional_nitrogen_policies;mental_health_ai;ocean_alkalinity_enhancement;sediment_management_phosphorus;desalination_advanced;aquifer_mapping_ai;ecosystem_restoration_nitrogen;enhanced_ubi;local_resilience_networks;mech_interp_advanced;defensive_ai;strategic_grain_reserves;soil_health_restoration;struvite_recovery;precision_agriculture;nitrogen_monitoring_networks;algae_nutrient_capture;integrated_nutrient_management;pfas_remediation;ecological_proxy_rewilding;food_waste_reduction;coral_restoration_advanced;global_pfas_ban;habitat_restoration;emergency_greenhouse_networks;alternative_protein_insects;grid_batteries;smart_grids;green_chemistry;plastic_production_phaseout;microplastic_capture;endocrine_disruptor_removal;chemical_recycling;purpose_networks_advanced;education_personalization;precision_conservation;invasive_species_control;marine_cloud_brightening;bioenergy_ccs;emergency_food_distribution_ai;drought_resistant_crops;pesticide_alternatives;vertical_farming;precision_fermentation;atmospheric_water_harvest;solar_5th_gen;geothermal_advanced;hydrogen_economy;plastic_eating_enzymes;green_chemistry_substitution;nanomaterial_safety;rare_earth_recycling;ai_community_matching;creative_empowerment_tools;democratic_ai_governance;scalable_oversight;stratospheric_aerosols;green_ammonia_production;personalized_medicine;longevity_basic;artificial_upwelling;fusion_materials;fusion_plasma_control;membrane_cascade_systems;ecosystem_management_ai;disease_elimination_basic;regenerative_medicine;fusion_power",0.000000,0.000000,0.000000,0.060036,0.000000,0.000000,0.000000,6,0.000000,0.00,0.000000,0.000000,0.000000,0.000000,0,"",0.000000,0.000000
56,92,"rlhf_basic;mech_interp_basic;adversarial_eval;direct_air_capture;ai_pollution_remediation;collective_purpose_networks;ai_diagnostics;mrna_vaccines;solar_4th_gen;offshore_wind;ai_power_efficiency_communication;soil_p_optimization;p_efficient_cultivars;circular_food_systems;biological_nitrogen_fixation;nitrogen_circular_food;rhizosphere_engineering;nitroplast_integration;precision_fermentation_nitrogen;cold_tolerant_crops;phytoremediation_nitrogen;phytoremediation_networks;alternative_protein_insects_algae;active_sediment_management;regional_nitrogen_policies;mental_health_ai;ocean_alkalinity_enhancement;sediment_management_phosphorus;desalination_advanced;aquifer_mapping_ai;ecosystem_restoration_nitrogen;enhanced_ubi;local_resilience_networks;mech_interp_advanced;defensive_ai;strategic_grain_reserves;soil_health_restoration;struvite_recovery;precision_agriculture;nitrogen_monitoring_networks;algae_nutrient_capture;integrated_nutrient_management;pfas_remediation;ecological_proxy_rewilding;food_waste_reduction;coral_restoration_advanced;global_pfas_ban;habitat_restoration;emergency_greenhouse_networks;alternative_protein_insects;grid_batteries;smart_grids;green_chemistry;plastic_production_phaseout;microplastic_capture;endocrine_disruptor_removal;chemical_recycling;purpose_networks_advanced;education_personalization;precision_conservation;invasive_species_control;marine_cloud_brightening;bioenergy_ccs;emergency_food_distribution_ai;drought_resistant_crops;pesticide_alternatives;vertical_farming;precision_fermentation;atmospheric_water_harvest;solar_5th_gen;geothermal_advanced;hydrogen_economy;plastic_eating_enzymes;green_chemistry_substitution;nanomaterial_safety;rare_earth_recycling;ai_community_matching;creative_empowerment_tools;democratic_ai_governance;scalable_oversight;stratospheric_aerosols;green_ammonia_production;personalized_medicine;longevity_basic;artificial_upwelling;fusion_materials;fusion_plasma_control;membrane_cascade_systems;ecosystem_management_ai;disease_elimination_basic;regenerative_medicine;fusion_power",0.000000,0.000000,0.000000,0.065406,0.000000,0.000000,0.000000,6,0.000000,0.00,0.000000,0.000000,0.000000,0.000000,0,"",0.000000,0.000000
57,92,"rlhf_basic;mech_interp_basic;adversarial_eval;direct_air_capture;ai_pollution_remediation;collective_purpose_networks;ai_diagnostics;mrna_vaccines;solar_4th_gen;offshore_wind;ai_power_efficiency_communication;soil_p_optimization;p_efficient_cultivars;circular_food_systems;biological_nitrogen_fixation;nitrogen_circular_food;rhizosphere_engineering;nitroplast_integration;precision_fermentation_nitrogen;cold_tolerant_crops;phytoremediation_nitrogen;phytoremediation_networks;alternative_protein_insects_algae;active_sediment_management;regional_nitrogen_policies;mental_health_ai;ocean_alkalinity_enhancement;sediment_management_phosphorus;desalination_advanced;aquifer_mapping_ai;ecosystem_restoration_nitrogen;enhanced_ubi;local_resilience_networks;mech_interp_advanced;defensive_ai;strategic_grain_reserves;soil_health_restoration;struvite_recovery;precision_agriculture;nitrogen_monitoring_networks;algae_nutrient_capture;integrated_nutrient_management;pfas_remediation;ecological_proxy_rewilding;food_waste_reduction;coral_restoration_advanced;global_pfas_ban;habitat_restoration;emergency_greenhouse_networks;alternative_protein_insects;grid_batteries;smart_grids;green_chemistry;plastic_production_phaseout;microplastic_capture;endocrine_disruptor_removal;chemical_recycling;purpose_networks_advanced;education_personalization;precision_conservation;invasive_species_control;marine_cloud_brightening;bioenergy_ccs;emergency_food_distribution_ai;drought_resistant_crops;pesticide_alternatives;vertical_farming;precision_fermentation;atmospheric_water_harvest;solar_5th_gen;geothermal_advanced;hydrogen_economy;plastic_eating_enzymes;green_chemistry_substitution;nanomaterial_safety;rare_earth_recycling;ai_community_matching;creative_empowerment_tools;democratic_ai_governance;scalable_oversight;stratospheric_aerosols;green_ammonia_production;personalized_medicine;longevity_basic;artificial_upwelling;fusion_materials;fusion_plasma_control;membrane_cascade_systems;ecosystem_management_ai;disease_elimination_basic;regenerative_medicine;fusion_power",0.000000,0.000000,0.000000,0.066462,0.000000,0.000000,0.000000,6,0.000000,0.00,0.000000,0.000000,0.000000,0.000000,0,"",0.000000,0.000000
58,97,"rlhf_basic;mech_interp_basic;adversarial_eval;direct_air_capture;ai_pollution_remediation;collective_purpose_networks;ai_diagnostics;mrna_vaccines;solar_4th_gen;offshore_wind;ai_power_efficiency_communication;soil_p_optimization;p_efficient_cultivars;circular_food_systems;biological_nitrogen_fixation;nitrogen_circular_food;rhizosphere_engineering;nitroplast_integration;precision_fermentation_nitrogen;cold_tolerant_crops;phytoremediation_nitrogen;phytoremediation_networks;alternative_protein_insects_algae;active_sediment_management;regional_nitrogen_policies;mental_health_ai;ocean_alkalinity_enhancement;sediment_management_phosphorus;desalination_advanced;aquifer_mapping_ai;ecosystem_restoration_nitrogen;enhanced_ubi;local_resilience_networks;mech_interp_advanced;defensive_ai;strategic_grain_reserves;soil_health_restoration;struvite_recovery;precision_agriculture;nitrogen_monitoring_networks;algae_nutrient_capture;integrated_nutrient_management;pfas_remediation;ecological_proxy_rewilding;food_waste_reduction;coral_restoration_advanced;global_pfas_ban;habitat_restoration;emergency_greenhouse_networks;alternative_protein_insects;grid_batteries;smart_grids;green_chemistry;plastic_production_phaseout;microplastic_capture;endocrine_disruptor_removal;chemical_recycling;purpose_networks_advanced;education_personalization;precision_conservation;invasive_species_control;marine_cloud_brightening;bioenergy_ccs;emergency_food_distribution_ai;drought_resistant_crops;pesticide_alternatives;vertical_farming;precision_fermentation;atmospheric_water_harvest;solar_5th_gen;geothermal_advanced;hydrogen_economy;plastic_eating_enzymes;green_chemistry_substitution;nanomaterial_safety;rare_earth_recycling;ai_community_matching;creative_empowerment_tools;democratic_ai_governance;scalable_oversight;stratospheric_aerosols;green_ammonia_production;personalized_medicine;longevity_basic;artificial_upwelling;fusion_materials;fusion_plasma_control;membrane_cascade_systems;ecosystem_management_ai;disease_elimination_basic;regenerative_medicine;fusion_power;biomimetic_filtration;photocatalytic_degradation;formal_verification;value_learning;ai_rights_framework",0.000000,0.000000,0.000000,0.067535,0.000000,0.000000,0.000000,6,0.000000,0.00,0.000000,0.000000,0.000000,0.000000,0,"",0.000000,0.000000
59,97,"rlhf_basic;mech_interp_basic;adversarial_eval;direct_air_capture;ai_pollution_remediation;collective_purpose_networks;ai_diagnostics;mrna_vaccines;solar_4th_gen;offshore_wind;ai_power_efficiency_communication;soil_p_optimization;p_efficient_cultivars;circular_food_systems;biological_nitrogen_fixation;nitrogen_circular_food;rhizosphere_engineering;nitroplast_integration;precision_fermentation_nitrogen;cold_tolerant_crops;phytoremediation_nitrogen;phytoremediation_networks;alternative_protein_insects_algae;active_sediment_management;regional_nitrogen_policies;mental_health_ai;ocean_alkalinity_enhancement;sediment_management_phosphorus;desalination_advanced;aquifer_mapping_ai;ecosystem_restoration_nitrogen;enhanced_ubi;local_resilience_networks;mech_interp_advanced;defensive_ai;strategic_grain_reserves;soil_health_restoration;struvite_recovery;precision_agriculture;nitrogen_monitoring_networks;algae_nutrient_capture;integrated_nutrient_management;pfas_remediation;ecological_proxy_rewilding;food_waste_reduction;coral_restoration_advanced;global_pfas_ban;habitat_restoration;emergency_greenhouse_networks;alternative_protein_insects;grid_batteries;smart_grids;green_chemistry;plastic_production_phaseout;microplastic_capture;endocrine_disruptor_removal;chemical_recycling;purpose_networks_advanced;education_personalization;precision_conservation;invasive_species_control;marine_cloud_brightening;bioenergy_ccs;emergency_food_distribution_ai;drought_resistant_crops;pesticide_alternatives;vertical_farming;precision_fermentation;atmospheric_water_harvest;solar_5th_gen;geothermal_advanced;hydrogen_economy;plastic_eating_enzymes;green_chemistry_substitution;nanomaterial_safety;rare_earth_recycling;ai_community_matching;creative_empowerment_tools;democratic_ai_governance;scalable_oversight;stratospheric_aerosols;green_ammonia_production;personalized_medicine;longevity_basic;artificial_upwelling;fusion_materials;fusion_plasma_control;membrane_cascade_systems;ecosystem_management_ai;disease_elimination_basic;regenerative_medicine;fusion_power;biomimetic_filtration;photocatalytic_degradation;formal_verification;value_learning;ai_rights_framework",0.000000,0.000000,0.000000,0.075101,0.000000,0.000000,0.000000,6,0.000000,0.00,0.000000,0.000000,0.000000,0.000000,0,"",0.000000,0.000000
60,97,"rlhf_basic;mech_interp_basic;adversarial_eval;direct_air_capture;ai_pollution_remediation;collective_purpose_networks;ai_diagnostics;mrna_vaccines;solar_4th_gen;offshore_wind;ai_power_efficiency_communication;soil_p_optimization;p_efficient_cultivars;circular_food_systems;biological_nitrogen_fixation;nitrogen_circular_food;rhizosphere_engineering;nitroplast_integration;precision_fermentation_nitrogen;cold_tolerant_crops;phytoremediation_nitrogen;phytoremediation_networks;alternative_protein_insects_algae;active_sediment_management;regional_nitrogen_policies;mental_health_ai;ocean_alkalinity_enhancement;sediment_management_phosphorus;desalination_advanced;aquifer_mapping_ai;ecosystem_restoration_nitrogen;enhanced_ubi;local_resilience_networks;mech_interp_advanced;defensive_ai;strategic_grain_reserves;soil_health_restoration;struvite_recovery;precision_agriculture;nitrogen_monitoring_networks;algae_nutrient_capture;integrated_nutrient_management;pfas_remediation;ecological_proxy_rewilding;food_waste_reduction;coral_restoration_advanced;global_pfas_ban;habitat_restoration;emergency_greenhouse_networks;alternative_protein_insects;grid_batteries;smart_grids;green_chemistry;plastic_production_phaseout;microplastic_capture;endocrine_disruptor_removal;chemical_recycling;purpose_networks_advanced;education_personalization;precision_conservation;invasive_species_control;marine_cloud_brightening;bioenergy_ccs;emergency_food_distribution_ai;drought_resistant_crops;pesticide_alternatives;vertical_farming;precision_fermentation;atmospheric_water_harvest;solar_5th_gen;geothermal_advanced;hydrogen_economy;plastic_eating_enzymes;green_chemistry_substitution;nanomaterial_safety;rare_earth_recycling;ai_community_matching;creative_empowerment_tools;democratic_ai_governance;scalable_oversight;stratospheric_aerosols;green_ammonia_production;personalized_medicine;longevity_basic;artificial_upwelling;fusion_materials;fusion_plasma_control;membrane_cascade_systems;ecosystem_management_ai;disease_elimination_basic;regenerative_medicine;fusion_power;biomimetic_filtration;photocatalytic_degradation;formal_verification;value_learning;ai_rights_framework",0.000000,0.000000,0.000000,0.076336,0.000000,0.000000,0.000000,6,0.000000,0.00,0.000000,0.000000,0.000000,0.000000,0,"",0.000000,0.000000
61,100,"rlhf_basic;mech_interp_basic;adversarial_eval;direct_air_capture;ai_pollution_remediation;collective_purpose_networks;ai_diagnostics;mrna_vaccines;solar_4th_gen;offshore_wind;ai_power_efficiency_communication;soil_p_optimization;p_efficient_cultivars;circular_food_systems;biological_nitrogen_fixation;nitrogen_circular_food;rhizosphere_engineering;nitroplast_integration;precision_fermentation_nitrogen;cold_tolerant_crops;phytoremediation_nitrogen;phytoremediation_networks;alternative_protein_insects_algae;active_sediment_management;regional_nitrogen_policies;mental_health_ai;ocean_alkalinity_enhancement;sediment_management_phosphorus;desalination_advanced;aquifer_mapping_ai;ecosystem_restoration_nitrogen;enhanced_ubi;local_resilience_networks;mech_interp_advanced;defensive_ai;strategic_grain_reserves;soil_health_restoration;struvite_recovery;precision_agriculture;nitrogen_monitoring_networks;algae_nutrient_capture;integrated_nutrient_management;pfas_remediation;ecological_proxy_rewilding;food_waste_reduction;coral_restoration_advanced;global_pfas_ban;habitat_restoration;emergency_greenhouse_networks;alternative_protein_insects;grid_batteries;smart_grids;green_chemistry;plastic_production_phaseout;microplastic_capture;endocrine_disruptor_removal;chemical_recycling;purpose_networks_advanced;education_personalization;precision_conservation;invasive_species_control;marine_cloud_brightening;bioenergy_ccs;emergency_food_distribution_ai;drought_resistant_crops;pesticide_alternatives;vertical_farming;precision_fermentation;atmospheric_water_harvest;solar_5th_gen;geothermal_advanced;hydrogen_economy;plastic_eating_enzymes;green_chemistry_substitution;nanomaterial_safety;rare_earth_recycling;ai_community_matching;creative_empowerment_tools;democratic_ai_governance;scalable_oversight;stratospheric_aerosols;green_ammonia_production;personalized_medicine;longevity_basic;artificial_upwelling;fusion_materials;fusion_plasma_control;membrane_cascade_systems;ecosystem_management_ai;disease_elimination_basic;regenerative_medicine;fusion_power;biomimetic_filtration;photocatalytic_degradation;formal_verification;value_learning;ai_rights_framework;recursive_alignment;interspecies_communication;advanced_longevity",0.000000,0.000000,0.000000,0.077590,0.000000,0.000000,0.000000,5,0.000000,0.00,0.000000,0.000000,0.000000,0.000000,0,"",0.000000,0.000000
62,100,"rlhf_basic;mech_interp_basic;adversarial_eval;direct_air_capture;ai_pollution_remediation;collective_purpose_networks;ai_diagnostics;mrna_vaccines;solar_4th_gen;offshore_wind;ai_power_efficiency_communication;soil_p_optimization;p_efficient_cultivars;circular_food_systems;biological_nitrogen_fixation;nitrogen_circular_food;rhizosphere_engineering;nitroplast_integration;precision_fermentation_nitrogen;cold_tolerant_crops;phytoremediation_nitrogen;phytoremediation_networks;alternative_protein_insects_algae;active_sediment_management;regional_nitrogen_policies;mental_health_ai;ocean_alkalinity_enhancement;sediment_management_phosphorus;desalination_advanced;aquifer_mapping_ai;ecosystem_restoration_nitrogen;enhanced_ubi;local_resilience_networks;mech_interp_advanced;defensive_ai;strategic_grain_reserves;soil_health_restoration;struvite_recovery;precision_agriculture;nitrogen_monitoring_networks;algae_nutrient_capture;integrated_nutrient_management;pfas_remediation;ecological_proxy_rewilding;food_waste_reduction;coral_restoration_advanced;global_pfas_ban;habitat_restoration;emergency_greenhouse_networks;alternative_protein_insects;grid_batteries;smart_grids;green_chemistry;plastic_production_phaseout;microplastic_capture;endocrine_disruptor_removal;chemical_recycling;purpose_networks_advanced;education_personalization;precision_conservation;invasive_species_control;marine_cloud_brightening;bioenergy_ccs;emergency_food_distribution_ai;drought_resistant_crops;pesticide_alternatives;vertical_farming;precision_fermentation;atmospheric_water_harvest;solar_5th_gen;geothermal_advanced;hydrogen_economy;plastic_eating_enzymes;green_chemistry_substitution;nanomaterial_safety;rare_earth_recycling;ai_community_matching;creative_empowerment_tools;democratic_ai_governance;scalable_oversight;stratospheric_aerosols;green_ammonia_production;personalized_medicine;longevity_basic;artificial_upwelling;fusion_materials;fusion_plasma_control;membrane_cascade_systems;ecosystem_management_ai;disease_elimination_basic;regenerative_medicine;fusion_power;biomimetic_filtration;photocatalytic_degradation;formal_verification;value_learning;ai_rights_framework;recursive_alignment;interspecies_communication;advanced_longevity",0.000000,0.000000,0.000000,0.078864,0.000000,0.000000,0.000000,5,0.000000,0.00,0.000000,0.000000,0.000000,0.000000,0,"",0.000000,0.000000
63,100,"rlhf_basic;mech_interp_basic;adversarial_eval;direct_air_capture;ai_pollution_remediation;collective_purpose_networks;ai_diagnostics;mrna_vaccines;solar_4th_gen;offshore_wind;ai_power_efficiency_communication;soil_p_optimization;p_efficient_cultivars;circular_food_systems;biological_nitrogen_fixation;nitrogen_circular_food;rhizosphere_engineering;nitroplast_integration;precision_fermentation_nitrogen;cold_tolerant_crops;phytoremediation_nitrogen;phytoremediation_networks;alternative_protein_insects_algae;active_sediment_management;regional_nitrogen_policies;mental_health_ai;ocean_alkalinity_enhancement;sediment_management_phosphorus;desalination_advanced;aquifer_mapping_ai;ecosystem_restoration_nitrogen;enhanced_ubi;local_resilience_networks;mech_interp_advanced;defensive_ai;strategic_grain_reserves;soil_health_restoration;struvite_recovery;precision_agriculture;nitrogen_monitoring_networks;algae_nutrient_capture;integrated_nutrient_management;pfas_remediation;ecological_proxy_rewilding;food_waste_reduction;coral_restoration_advanced;global_pfas_ban;habitat_restoration;emergency_greenhouse_networks;alternative_protein_insects;grid_batteries;smart_grids;green_chemistry;plastic_production_phaseout;microplastic_capture;endocrine_disruptor_removal;chemical_recycling;purpose_networks_advanced;education_personalization;precision_conservation;invasive_species_control;marine_cloud_brightening;bioenergy_ccs;emergency_food_distribution_ai;drought_resistant_crops;pesticide_alternatives;vertical_farming;precision_fermentation;atmospheric_water_harvest;solar_5th_gen;geothermal_advanced;hydrogen_economy;plastic_eating_enzymes;green_chemistry_substitution;nanomaterial_safety;rare_earth_recycling;ai_community_matching;creative_empowerment_tools;democratic_ai_governance;scalable_oversight;stratospheric_aerosols;green_ammonia_production;personalized_medicine;longevity_basic;artificial_upwelling;fusion_materials;fusion_plasma_control;membrane_cascade_systems;ecosystem_management_ai;disease_elimination_basic;regenerative_medicine;fusion_power;biomimetic_filtration;photocatalytic_degradation;formal_verification;value_learning;ai_rights_framework;recursive_alignment;interspecies_communication;advanced_longevity",0.000000,0.000000,0.000000,0.080159,0.000000,0.000000,0.000000,5,0.000000,0.00,0.000000,0.000000,0.000000,0.000000,0,"",0.000000,0.000000
64,103,"rlhf_basic;mech_interp_basic;adversarial_eval;direct_air_capture;ai_pollution_remediation;collective_purpose_networks;ai_diagnostics;mrna_vaccines;solar_4th_gen;offshore_wind;ai_power_efficiency_communication;soil_p_optimization;p_efficient_cultivars;circular_food_systems;biological_nitrogen_fixation;nitrogen_circular_food;rhizosphere_engineering;nitroplast_integration;precision_fermentation_nitrogen;cold_tolerant_crops;phytoremediation_nitrogen;phytoremediation_networks;alternative_protein_insects_algae;active_sediment_management;regional_nitrogen_policies;mental_health_ai;ocean_alkalinity_enhancement;sediment_management_phosphorus;desalination_advanced;aquifer_mapping_ai;ecosystem_restoration_nitrogen;enhanced_ubi;local_resilience_networks;mech_interp_advanced;defensive_ai;strategic_grain_reserves;soil_health_restoration;struvite_recovery;precision_agriculture;nitrogen_monitoring_networks;algae_nutrient_capture;integrated_nutrient_management;pfas_remediation;ecological_proxy_rewilding;food_waste_reduction;coral_restoration_advanced;global_pfas_ban;habitat_restoration;emergency_greenhouse_networks;alternative_protein_insects;grid_batteries;smart_grids;green_chemistry;plastic_production_phaseout;microplastic_capture;endocrine_disruptor_removal;chemical_recycling;purpose_networks_advanced;education_personalization;precision_conservation;invasive_species_control;marine_cloud_brightening;bioenergy_ccs;emergency_food_distribution_ai;drought_resistant_crops;pesticide_alternatives;vertical_farming;precision_fermentation;atmospheric_water_harvest;solar_5th_gen;geothermal_advanced;hydrogen_economy;plastic_eating_enzymes;green_chemistry_substitution;nanomaterial_safety;rare_earth_recycling;ai_community_matching;creative_empowerment_tools;democratic_ai_governance;scalable_oversight;stratospheric_aerosols;green_ammonia_production;personalized_medicine;longevity_basic;artificial_upwelling;fusion_materials;fusion_plasma_control;membrane_cascade_systems;ecosystem_management_ai;disease_elimination_basic;regenerative_medicine;fusion_power;biomimetic_filtration;photocatalytic_degradation;formal_verification;value_learning;ai_rights_framework;recursive_alignment;interspecies_communication;advanced_longevity;space_industrialization;molecular_nanotechnology;whole_brain_emulation",0.000000,0.000000,0.000000,0.081474,0.000000,0.000000,0.000000,5,0.000000,0.00,0.000000,0.000000,0.000000,0.000000,0,"",0.000000,0.000000
65,103,"rlhf_basic;mech_interp_basic;adversarial_eval;direct_air_capture;ai_pollution_remediation;collective_purpose_networks;ai_diagnostics;mrna_vaccines;solar_4th_gen;offshore_wind;ai_power_efficiency_communication;soil_p_optimization;p_efficient_cultivars;circular_food_systems;biological_nitrogen_fixation;nitrogen_circular_food;rhizosphere_engineering;nitroplast_integration;precision_fermentation_nitrogen;cold_tolerant_crops;phytoremediation_nitrogen;phytoremediation_networks;alternative_protein_insects_algae;active_sediment_management;regional_nitrogen_policies;mental_health_ai;ocean_alkalinity_enhancement;sediment_management_phosphorus;desalination_advanced;aquifer_mapping_ai;ecosystem_restoration_nitrogen;enhanced_ubi;local_resilience_networks;mech_interp_advanced;defensive_ai;strategic_grain_reserves;soil_health_restoration;struvite_recovery;precision_agriculture;nitrogen_monitoring_networks;algae_nutrient_capture;integrated_nutrient_management;pfas_remediation;ecological_proxy_rewilding;food_waste_reduction;coral_restoration_advanced;global_pfas_ban;habitat_restoration;emergency_greenhouse_networks;alternative_protein_insects;grid_batteries;smart_grids;green_chemistry;plastic_production_phaseout;microplastic_capture;endocrine_disruptor_removal;chemical_recycling;purpose_networks_advanced;education_personalization;precision_conservation;invasive_species_control;marine_cloud_brightening;bioenergy_ccs;emergency_food_distribution_ai;drought_resistant_crops;pesticide_alternatives;vertical_farming;precision_fermentation;atmospheric_water_harvest;solar_5th_gen;geothermal_advanced;hydrogen_economy;plastic_eating_enzymes;green_chemistry_substitution;nanomaterial_safety;rare_earth_recycling;ai_community_matching;creative_empowerment_tools;democratic_ai_governance;scalable_oversight;stratospheric_aerosols;green_ammonia_production;personalized_medicine;longevity_basic;artificial_upwelling;fusion_materials;fusion_plasma_control;membrane_cascade_systems;ecosystem_management_ai;disease_elimination_basic;regenerative_medicine;fusion_power;biomimetic_filtration;photocatalytic_degradation;formal_verification;value_learning;ai_rights_framework;recursive_alignment;interspecies_communication;advanced_longevity;space_industrialization;molecular_nanotechnology;whole_brain_emulation",0.000000,0.000000,0.000000,0.082811,0.000000,0.000000,0.000000,5,0.000000,0.00,0.000000,0.000000,0.000000,0.000000,0,"",0.000000,0.000000
66,103,"rlhf_basic;mech_interp_basic;adversarial_eval;direct_air_capture;ai_pollution_remediation;collective_purpose_networks;ai_diagnostics;mrna_vaccines;solar_4th_gen;offshore_wind;ai_power_efficiency_communication;soil_p_optimization;p_efficient_cultivars;circular_food_systems;biological_nitrogen_fixation;nitrogen_circular_food;rhizosphere_engineering;nitroplast_integration;precision_fermentation_nitrogen;cold_tolerant_crops;phytoremediation_nitrogen;phytoremediation_networks;alternative_protein_insects_algae;active_sediment_management;regional_nitrogen_policies;mental_health_ai;ocean_alkalinity_enhancement;sediment_management_phosphorus;desalination_advanced;aquifer_mapping_ai;ecosystem_restoration_nitrogen;enhanced_ubi;local_resilience_networks;mech_interp_advanced;defensive_ai;strategic_grain_reserves;soil_health_restoration;struvite_recovery;precision_agriculture;nitrogen_monitoring_networks;algae_nutrient_capture;integrated_nutrient_management;pfas_remediation;ecological_proxy_rewilding;food_waste_reduction;coral_restoration_advanced;global_pfas_ban;habitat_restoration;emergency_greenhouse_networks;alternative_protein_insects;grid_batteries;smart_grids;green_chemistry;plastic_production_phaseout;microplastic_capture;endocrine_disruptor_removal;chemical_recycling;purpose_networks_advanced;education_personalization;precision_conservation;invasive_species_control;marine_cloud_brightening;bioenergy_ccs;emergency_food_distribution_ai;drought_resistant_crops;pesticide_alternatives;vertical_farming;precision_fermentation;atmospheric_water_harvest;solar_5th_gen;geothermal_advanced;hydrogen_economy;plastic_eating_enzymes;green_chemistry_substitution;nanomaterial_safety;rare_earth_recycling;ai_community_matching;creative_empowerment_tools;democratic_ai_governance;scalable_oversight;stratospheric_aerosols;green_ammonia_production;personalized_medicine;longevity_basic;artificial_upwelling;fusion_materials;fusion_plasma_control;membrane_cascade_systems;ecosystem_management_ai;disease_elimination_basic;regenerative_medicine;fusion_power;biomimetic_filtration;photocatalytic_degradation;formal_verification;value_learning;ai_rights_framework;recursive_alignment;interspecies_communication;advanced_longevity;space_industrialization;molecular_nanotechnology;whole_brain_emulation",0.000000,0.000000,0.000000,0.084170,0.000000,0.000000,0.000000,5,0.000000,0.00,0.000000,0.000000,0.000000,0.000000,0,"",0.000000,0.000000
67,103,"rlhf_basic;mech_interp_basic;adversarial_eval;direct_air_capture;ai_pollution_remediation;collective_purpose_networks;ai_diagnostics;mrna_vaccines;solar_4th_gen;offshore_wind;ai_power_efficiency_communication;soil_p_optimization;p_efficient_cultivars;circular_food_systems;biological_nitrogen_fixation;nitrogen_circular_food;rhizosphere_engineering;nitroplast_integration;precision_fermentation_nitrogen;cold_tolerant_crops;phytoremediation_nitrogen;phytoremediation_networks;alternative_protein_insects_algae;active_sediment_management;regional_nitrogen_policies;mental_health_ai;ocean_alkalinity_enhancement;sediment_management_phosphorus;desalination_advanced;aquifer_mapping_ai;ecosystem_restoration_nitrogen;enhanced_ubi;local_resilience_networks;mech_interp_advanced;defensive_ai;strategic_grain_reserves;soil_health_restoration;struvite_recovery;precision_agriculture;nitrogen_monitoring_networks;algae_nutrient_capture;integrated_nutrient_management;pfas_remediation;ecological_proxy_rewilding;food_waste_reduction;coral_restoration_advanced;global_pfas_ban;habitat_restoration;emergency_greenhouse_networks;alternative_protein_insects;grid_batteries;smart_grids;green_chemistry;plastic_production_phaseout;microplastic_capture;endocrine_disruptor_removal;chemical_recycling;purpose_networks_advanced;education_personalization;precision_conservation;invasive_species_control;marine_cloud_brightening;bioenergy_ccs;emergency_food_distribution_ai;drought_resistant_crops;pesticide_alternatives;vertical_farming;precision_fermentation;atmospheric_water_harvest;solar_5th_gen;geothermal_advanced;hydrogen_economy;plastic_eating_enzymes;green_chemistry_substitution;nanomaterial_safety;rare_earth_recycling;ai_community_matching;creative_empowerment_tools;democratic_ai_governance;scalable_oversight;stratospheric_aerosols;green_ammonia_production;personalized_medicine;longevity_basic;artificial_upwelling;fusion_materials;fusion_plasma_control;membrane_cascade_systems;ecosystem_management_ai;disease_elimination_basic;regenerative_medicine;fusion_power;biomimetic_filtration;photocatalytic_degradation;formal_verification;value_learning;ai_rights_framework;recursive_alignment;interspecies_communication;advanced_longevity;space_industrialization;molecular_nanotechnology;whole_brain_emulation",0.000000,0.000000,0.000000,0.102550,0.000000,0.000000,0.000000,5,0.000000,0.00,0.000000,0.000000,0.000000,0.000000,0,"",0.000000,0.000000
68,103,"rlhf_basic;mech_interp_basic;adversarial_eval;direct_air_capture;ai_pollution_remediation;collective_purpose_networks;ai_diagnostics;mrna_vaccines;solar_4th_gen;offshore_wind;ai_power_efficiency_communication;soil_p_optimization;p_efficient_cultivars;circular_food_systems;biological_nitrogen_fixation;nitrogen_circular_food;rhizosphere_engineering;nitroplast_integration;precision_fermentation_nitrogen;cold_tolerant_crops;phytoremediation_nitrogen;phytoremediation_networks;alternative_protein_insects_algae;active_sediment_management;regional_nitrogen_policies;mental_health_ai;ocean_alkalinity_enhancement;sediment_management_phosphorus;desalination_advanced;aquifer_mapping_ai;ecosystem_restoration_nitrogen;enhanced_ubi;local_resilience_networks;mech_interp_advanced;defensive_ai;strategic_grain_reserves;soil_health_restoration;struvite_recovery;precision_agriculture;nitrogen_monitoring_networks;algae_nutrient_capture;integrated_nutrient_management;pfas_remediation;ecological_proxy_rewilding;food_waste_reduction;coral_restoration_advanced;global_pfas_ban;habitat_restoration;emergency_greenhouse_networks;alternative_protein_insects;grid_batteries;smart_grids;green_chemistry;plastic_production_phaseout;microplastic_capture;endocrine_disruptor_removal;chemical_recycling;purpose_networks_advanced;education_personalization;precision_conservation;invasive_species_control;marine_cloud_brightening;bioenergy_ccs;emergency_food_distribution_ai;drought_resistant_crops;pesticide_alternatives;vertical_farming;precision_fermentation;atmospheric_water_harvest;solar_5th_gen;geothermal_advanced;hydrogen_economy;plastic_eating_enzymes;green_chemistry_substitution;nanomaterial_safety;rare_earth_recycling;ai_community_matching;creative_empowerment_tools;democratic_ai_governance;scalable_oversight;stratospheric_aerosols;green_ammonia_production;personalized_medicine;longevity_basic;artificial_upwelling;fusion_materials;fusion_plasma_control;membrane_cascade_systems;ecosystem_management_ai;disease_elimination_basic;regenerative_medicine;fusion_power;biomimetic_filtration;photocatalytic_degradation;formal_verification;value_learning;ai_rights_framework;recursive_alignment;interspecies_communication;advanced_longevity;space_industrialization;molecular_nanotechnology;whole_brain_emulation",0.000000,0.000000,0.000000,0.103953,0.000000,0.000000,0.000000,5,0.000000,0.00,0.000000,0.000000,0.000000,0.000000,0,"",0.000000,0.000000
69,103,"rlhf_basic;mech_interp_basic;adversarial_eval;direct_air_capture;ai_pollution_remediation;collective_purpose_networks;ai_diagnostics;mrna_vaccines;solar_4th_gen;offshore_wind;ai_power_efficiency_communication;soil_p_optimization;p_efficient_cultivars;circular_food_systems;biological_nitrogen_fixation;nitrogen_circular_food;rhizosphere_engineering;nitroplast_integration;precision_fermentation_nitrogen;cold_tolerant_crops;phytoremediation_nitrogen;phytoremediation_networks;alternative_protein_insects_algae;active_sediment_management;regional_nitrogen_policies;mental_health_ai;ocean_alkalinity_enhancement;sediment_management_phosphorus;desalination_advanced;aquifer_mapping_ai;ecosystem_restoration_nitrogen;enhanced_ubi;local_resilience_networks;mech_interp_advanced;defensive_ai;strategic_grain_reserves;soil_health_restoration;struvite_recovery;precision_agriculture;nitrogen_monitoring_networks;algae_nutrient_capture;integrated_nutrient_management;pfas_remediation;ecological_proxy_rewilding;food_waste_reduction;coral_restoration_advanced;global_pfas_ban;habitat_restoration;emergency_greenhouse_networks;alternative_protein_insects;grid_batteries;smart_grids;green_chemistry;plastic_production_phaseout;microplastic_capture;endocrine_disruptor_removal;chemical_recycling;purpose_networks_advanced;education_personalization;precision_conservation;invasive_species_control;marine_cloud_brightening;bioenergy_ccs;emergency_food_distribution_ai;drought_resistant_crops;pesticide_alternatives;vertical_farming;precision_fermentation;atmospheric_water_harvest;solar_5th_gen;geothermal_advanced;hydrogen_economy;plastic_eating_enzymes;green_chemistry_substitution;nanomaterial_safety;rare_earth_recycling;ai_community_matching;creative_empowerment_tools;democratic_ai_governance;scalable_oversight;stratospheric_aerosols;green_ammonia_production;personalized_medicine;longevity_basic;artificial_upwelling;fusion_materials;fusion_plasma_control;membrane_cascade_systems;ecosystem_management_ai;disease_elimination_basic;regenerative_medicine;fusion_power;biomimetic_filtration;photocatalytic_degradation;formal_verification;value_learning;ai_rights_framework;recursive_alignment;interspecies_communication;advanced_longevity;space_industrialization;molecular_nanotechnology;whole_brain_emulation",0.000000,0.000000,0.000000,0.105378,0.000000,0.000000,0.000000,5,0.000000,0.00,0.000000,0.000000,0.000000,0.000000,0,"",0.000000,0.000000
70,103,"rlhf_basic;mech_interp_basic;adversarial_eval;direct_air_capture;ai_pollution_remediation;collective_purpose_networks;ai_diagnostics;mrna_vaccines;solar_4th_gen;offshore_wind;ai_power_efficiency_communication;soil_p_optimization;p_efficient_cultivars;circular_food_systems;biological_nitrogen_fixation;nitrogen_circular_food;rhizosphere_engineering;nitroplast_integration;precision_fermentation_nitrogen;cold_tolerant_crops;phytoremediation_nitrogen;phytoremediation_networks;alternative_protein_insects_algae;active_sediment_management;regional_nitrogen_policies;mental_health_ai;ocean_alkalinity_enhancement;sediment_management_phosphorus;desalination_advanced;aquifer_mapping_ai;ecosystem_restoration_nitrogen;enhanced_ubi;local_resilience_networks;mech_interp_advanced;defensive_ai;strategic_grain_reserves;soil_health_restoration;struvite_recovery;precision_agriculture;nitrogen_monitoring_networks;algae_nutrient_capture;integrated_nutrient_management;pfas_remediation;ecological_proxy_rewilding;food_waste_reduction;coral_restoration_advanced;global_pfas_ban;habitat_restoration;emergency_greenhouse_networks;alternative_protein_insects;grid_batteries;smart_grids;green_chemistry;plastic_production_phaseout;microplastic_capture;endocrine_disruptor_removal;chemical_recycling;purpose_networks_advanced;education_personalization;precision_conservation;invasive_species_control;marine_cloud_brightening;bioenergy_ccs;emergency_food_distribution_ai;drought_resistant_crops;pesticide_alternatives;vertical_farming;precision_fermentation;atmospheric_water_harvest;solar_5th_gen;geothermal_advanced;hydrogen_economy;plastic_eating_enzymes;green_chemistry_substitution;nanomaterial_safety;rare_earth_recycling;ai_community_matching;creative_empowerment_tools;democratic_ai_governance;scalable_oversight;stratospheric_aerosols;green_ammonia_production;personalized_medicine;longevity_basic;artificial_upwelling;fusion_materials;fusion_plasma_control;membrane_cascade_systems;ecosystem_management_ai;disease_elimination_basic;regenerative_medicine;fusion_power;biomimetic_filtration;photocatalytic_degradation;formal_verification;value_learning;ai_rights_framework;recursive_alignment;interspecies_communication;advanced_longevity;space_industrialization;molecular_nanotechnology;whole_brain_emulation",0.000000,0.000000,0.000000,0.106826,0.000000,0.000000,0.000000,5,0.000000,0.00,0.000000,0.000000,0.000000,0.000000,0,"",0.000000,0.000000
71,103,"rlhf_basic;mech_interp_basic;adversarial_eval;direct_air_capture;ai_pollution_remediation;collective_purpose_networks;ai_diagnostics;mrna_vaccines;solar_4th_gen;offshore_wind;ai_power_efficiency_communication;soil_p_optimization;p_efficient_cultivars;circular_food_systems;biological_nitrogen_fixation;nitrogen_circular_food;rhizosphere_engineering;nitroplast_integration;precision_fermentation_nitrogen;cold_tolerant_crops;phytoremediation_nitrogen;phytoremediation_networks;alternative_protein_insects_algae;active_sediment_management;regional_nitrogen_policies;mental_health_ai;ocean_alkalinity_enhancement;sediment_management_phosphorus;desalination_advanced;aquifer_mapping_ai;ecosystem_restoration_nitrogen;enhanced_ubi;local_resilience_networks;mech_interp_advanced;defensive_ai;strategic_grain_reserves;soil_health_restoration;struvite_recovery;precision_agriculture;nitrogen_monitoring_networks;algae_nutrient_capture;integrated_nutrient_management;pfas_remediation;ecological_proxy_rewilding;food_waste_reduction;coral_restoration_advanced;global_pfas_ban;habitat_restoration;emergency_greenhouse_networks;alternative_protein_insects;grid_batteries;smart_grids;green_chemistry;plastic_production_phaseout;microplastic_capture;endocrine_disruptor_removal;chemical_recycling;purpose_networks_advanced;education_personalization;precision_conservation;invasive_species_control;marine_cloud_brightening;bioenergy_ccs;emergency_food_distribution_ai;drought_resistant_crops;pesticide_alternatives;vertical_farming;precision_fermentation;atmospheric_water_harvest;solar_5th_gen;geothermal_advanced;hydrogen_economy;plastic_eating_enzymes;green_chemistry_substitution;nanomaterial_safety;rare_earth_recycling;ai_community_matching;creative_empowerment_tools;democratic_ai_governance;scalable_oversight;stratospheric_aerosols;green_ammonia_production;personalized_medicine;longevity_basic;artificial_upwelling;fusion_materials;fusion_plasma_control;membrane_cascade_systems;ecosystem_management_ai;disease_elimination_basic;regenerative_medicine;fusion_power;biomimetic_filtration;photocatalytic_degradation;formal_verification;value_learning;ai_rights_framework;recursive_alignment;interspecies_communication;advanced_longevity;space_industrialization;molecular_nanotechnology;whole_brain_emulation",0.000000,0.000000,0.000000,0.108297,0.000000,0.000000,0.000000,5,0.000000,0.00,0.000000,0.000000,0.000000,0.000000,0,"",0.000000,0.000000
72,103,"rlhf_basic;mech_interp_basic;adversarial_eval;direct_air_capture;ai_pollution_remediation;collective_purpose_networks;ai_diagnostics;mrna_vaccines;solar_4th_gen;offshore_wind;ai_power_efficiency_communication;soil_p_optimization;p_efficient_cultivars;circular_food_systems;biological_nitrogen_fixation;nitrogen_circular_food;rhizosphere_engineering;nitroplast_integration;precision_fermentation_nitrogen;cold_tolerant_crops;phytoremediation_nitrogen;phytoremediation_networks;alternative_protein_insects_algae;active_sediment_management;regional_nitrogen_policies;mental_health_ai;ocean_alkalinity_enhancement;sediment_management_phosphorus;desalination_advanced;aquifer_mapping_ai;ecosystem_restoration_nitrogen;enhanced_ubi;local_resilience_networks;mech_interp_advanced;defensive_ai;strategic_grain_reserves;soil_health_restoration;struvite_recovery;precision_agriculture;nitrogen_monitoring_networks;algae_nutrient_capture;integrated_nutrient_management;pfas_remediation;ecological_proxy_rewilding;food_waste_reduction;coral_restoration_advanced;global_pfas_ban;habitat_restoration;emergency_greenhouse_networks;alternative_protein_insects;grid_batteries;smart_grids;green_chemistry;plastic_production_phaseout;microplastic_capture;endocrine_disruptor_removal;chemical_recycling;purpose_networks_advanced;education_personalization;precision_conservation;invasive_species_control;marine_cloud_brightening;bioenergy_ccs;emergency_food_distribution_ai;drought_resistant_crops;pesticide_alternatives;vertical_farming;precision_fermentation;atmospheric_water_harvest;solar_5th_gen;geothermal_advanced;hydrogen_economy;plastic_eating_enzymes;green_chemistry_substitution;nanomaterial_safety;rare_earth_recycling;ai_community_matching;creative_empowerment_tools;democratic_ai_governance;scalable_oversight;stratospheric_aerosols;green_ammonia_production;personalized_medicine;longevity_basic;artificial_upwelling;fusion_materials;fusion_plasma_control;membrane_cascade_systems;ecosystem_management_ai;disease_elimination_basic;regenerative_medicine;fusion_power;biomimetic_filtration;photocatalytic_degradation;formal_verification;value_learning;ai_rights_framework;recursive_alignment;interspecies_communication;advanced_longevity;space_industrialization;molecular_nanotechnology;whole_brain_emulation",0.000000,0.000000,0.000000,0.109792,0.000000,0.000000,0.000000,4,0.000000,0.00,0.000000,0.000000,0.000000,0.000000,0,"",0.000000,0.000000
73,103,"rlhf_basic;mech_interp_basic;adversarial_eval;direct_air_capture;ai_pollution_remediation;collective_purpose_networks;ai_diagnostics;mrna_vaccines;solar_4th_gen;offshore_wind;ai_power_efficiency_communication;soil_p_optimization;p_efficient_cultivars;circular_food_systems;biological_nitrogen_fixation;nitrogen_circular_food;rhizosphere_engineering;nitroplast_integration;precision_fermentation_nitrogen;cold_tolerant_crops;phytoremediation_nitrogen;phytoremediation_networks;alternative_protein_insects_algae;active_sediment_management;regional_nitrogen_policies;mental_health_ai;ocean_alkalinity_enhancement;sediment_management_phosphorus;desalination_advanced;aquifer_mapping_ai;ecosystem_restoration_nitrogen;enhanced_ubi;local_resilience_networks;mech_interp_advanced;defensive_ai;strategic_grain_reserves;soil_health_restoration;struvite_recovery;precision_agriculture;nitrogen_monitoring_networks;algae_nutrient_capture;integrated_nutrient_management;pfas_remediation;ecological_proxy_rewilding;food_waste_reduction;coral_restoration_advanced;global_pfas_ban;habitat_restoration;emergency_greenhouse_networks;alternative_protein_insects;grid_batteries;smart_grids;green_chemistry;plastic_production_phaseout;microplastic_capture;endocrine_disruptor_removal;chemical_recycling;purpose_networks_advanced;education_personalization;precision_conservation;invasive_species_control;marine_cloud_brightening;bioenergy_ccs;emergency_food_distribution_ai;drought_resistant_crops;pesticide_alternatives;vertical_farming;precision_fermentation;atmospheric_water_harvest;solar_5th_gen;geothermal_advanced;hydrogen_economy;plastic_eating_enzymes;green_chemistry_substitution;nanomaterial_safety;rare_earth_recycling;ai_community_matching;creative_empowerment_tools;democratic_ai_governance;scalable_oversight;stratospheric_aerosols;green_ammonia_production;personalized_medicine;longevity_basic;artificial_upwelling;fusion_materials;fusion_plasma_control;membrane_cascade_systems;ecosystem_management_ai;disease_elimination_basic;regenerative_medicine;fusion_power;biomimetic_filtration;photocatalytic_degradation;formal_verification;value_learning;ai_rights_framework;recursive_alignment;interspecies_communication;advanced_longevity;space_industrialization;molecular_nanotechnology;whole_brain_emulation",0.000000,0.000000,0.000000,0.111311,0.000000,0.000000,0.000000,4,0.000000,0.00,0.000000,0.000000,0.000000,0.000000,0,"",0.000000,0.000000
74,103,"rlhf_basic;mech_interp_basic;adversarial_eval;direct_air_capture;ai_pollution_remediation;collective_purpose_networks;ai_diagnostics;mrna_vaccines;solar_4th_gen;offshore_wind;ai_power_efficiency_communication;soil_p_optimization;p_efficient_cultivars;circular_food_systems;biological_nitrogen_fixation;nitrogen_circular_food;rhizosphere_engineering;nitroplast_integration;precision_fermentation_nitrogen;cold_tolerant_crops;phytoremediation_nitrogen;phytoremediation_networks;alternative_protein_insects_algae;active_sediment_management;regional_nitrogen_policies;mental_health_ai;ocean_alkalinity_enhancement;sediment_management_phosphorus;desalination_advanced;aquifer_mapping_ai;ecosystem_restoration_nitrogen;enhanced_ubi;local_resilience_networks;mech_interp_advanced;defensive_ai;strategic_grain_reserves;soil_health_restoration;struvite_recovery;precision_agriculture;nitrogen_monitoring_networks;algae_nutrient_capture;integrated_nutrient_management;pfas_remediation;ecological_proxy_rewilding;food_waste_reduction;coral_restoration_advanced;global_pfas_ban;habitat_restoration;emergency_greenhouse_networks;alternative_protein_insects;grid_batteries;smart_grids;green_chemistry;plastic_production_phaseout;microplastic_capture;endocrine_disruptor_removal;chemical_recycling;purpose_networks_advanced;education_personalization;precision_conservation;invasive_species_control;marine_cloud_brightening;bioenergy_ccs;emergency_food_distribution_ai;drought_resistant_crops;pesticide_alternatives;vertical_farming;precision_fermentation;atmospheric_water_harvest;solar_5th_gen;geothermal_advanced;hydrogen_economy;plastic_eating_enzymes;green_chemistry_substitution;nanomaterial_safety;rare_earth_recycling;ai_community_matching;creative_empowerment_tools;democratic_ai_governance;scalable_oversight;stratospheric_aerosols;green_ammonia_production;personalized_medicine;longevity_basic;artificial_upwelling;fusion_materials;fusion_plasma_control;membrane_cascade_systems;ecosystem_management_ai;disease_elimination_basic;regenerative_medicine;fusion_power;biomimetic_filtration;photocatalytic_degradation;formal_verification;value_learning;ai_rights_framework;recursive_alignment;interspecies_communication;advanced_longevity;space_industrialization;molecular_nanotechnology;whole_brain_emulation",0.000000,0.000000,0.000000,0.112854,0.000000,0.000000,0.000000,4,0.000000,0.00,0.000000,0.000000,0.000000,0.000000,0,"",0.000000,0.000000
75,103,"rlhf_basic;mech_interp_basic;adversarial_eval;direct_air_capture;ai_pollution_remediation;collective_purpose_networks;ai_diagnostics;mrna_vaccines;solar_4th_gen;offshore_wind;ai_power_efficiency_communication;soil_p_optimization;p_efficient_cultivars;circular_food_systems;biological_nitrogen_fixation;nitrogen_circular_food;rhizosphere_engineering;nitroplast_integration;precision_fermentation_nitrogen;cold_tolerant_crops;phytoremediation_nitrogen;phytoremediation_networks;alternative_protein_insects_algae;active_sediment_management;regional_nitrogen_policies;mental_health_ai;ocean_alkalinity_enhancement;sediment_management_phosphorus;desalination_advanced;aquifer_mapping_ai;ecosystem_restoration_nitrogen;enhanced_ubi;local_resilience_networks;mech_interp_advanced;defensive_ai;strategic_grain_reserves;soil_health_restoration;struvite_recovery;precision_agriculture;nitrogen_monitoring_networks;algae_nutrient_capture;integrated_nutrient_management;pfas_remediation;ecological_proxy_rewilding;food_waste_reduction;coral_restoration_advanced;global_pfas_ban;habitat_restoration;emergency_greenhouse_networks;alternative_protein_insects;grid_batteries;smart_grids;green_chemistry;plastic_production_phaseout;microplastic_capture;endocrine_disruptor_removal;chemical_recycling;purpose_networks_advanced;education_personalization;precision_conservation;invasive_species_control;marine_cloud_brightening;bioenergy_ccs;emergency_food_distribution_ai;drought_resistant_crops;pesticide_alternatives;vertical_farming;precision_fermentation;atmospheric_water_harvest;solar_5th_gen;geothermal_advanced;hydrogen_economy;plastic_eating_enzymes;green_chemistry_substitution;nanomaterial_safety;rare_earth_recycling;ai_community_matching;creative_empowerment_tools;democratic_ai_governance;scalable_oversight;stratospheric_aerosols;green_ammonia_production;personalized_medicine;longevity_basic;artificial_upwelling;fusion_materials;fusion_plasma_control;membrane_cascade_systems;ecosystem_management_ai;disease_elimination_basic;regenerative_medicine;fusion_power;biomimetic_filtration;photocatalytic_degradation;formal_verification;value_learning;ai_rights_framework;recursive_alignment;interspecies_communication;advanced_longevity;space_industrialization;molecular_nanotechnology;whole_brain_emulation",0.000000,0.000000,0.000000,0.114423,0.000000,0.000000,0.000000,4,0.000000,0.00,0.000000,0.000000,0.000000,0.000000,0,"",0.000000,0.000000
76,103,"rlhf_basic;mech_interp_basic;adversarial_eval;direct_air_capture;ai_pollution_remediation;collective_purpose_networks;ai_diagnostics;mrna_vaccines;solar_4th_gen;offshore_wind;ai_power_efficiency_communication;soil_p_optimization;p_efficient_cultivars;circular_food_systems;biological_nitrogen_fixation;nitrogen_circular_food;rhizosphere_engineering;nitroplast_integration;precision_fermentation_nitrogen;cold_tolerant_crops;phytoremediation_nitrogen;phytoremediation_networks;alternative_protein_insects_algae;active_sediment_management;regional_nitrogen_policies;mental_health_ai;ocean_alkalinity_enhancement;sediment_management_phosphorus;desalination_advanced;aquifer_mapping_ai;ecosystem_restoration_nitrogen;enhanced_ubi;local_resilience_networks;mech_interp_advanced;defensive_ai;strategic_grain_reserves;soil_health_restoration;struvite_recovery;precision_agriculture;nitrogen_monitoring_networks;algae_nutrient_capture;integrated_nutrient_management;pfas_remediation;ecological_proxy_rewilding;food_waste_reduction;coral_restoration_advanced;global_pfas_ban;habitat_restoration;emergency_greenhouse_networks;alternative_protein_insects;grid_batteries;smart_grids;green_chemistry;plastic_production_phaseout;microplastic_capture;endocrine_disruptor_removal;chemical_recycling;purpose_networks_advanced;education_personalization;precision_conservation;invasive_species_control;marine_cloud_brightening;bioenergy_ccs;emergency_food_distribution_ai;drought_resistant_crops;pesticide_alternatives;vertical_farming;precision_fermentation;atmospheric_water_harvest;solar_5th_gen;geothermal_advanced;hydrogen_economy;plastic_eating_enzymes;green_chemistry_substitution;nanomaterial_safety;rare_earth_recycling;ai_community_matching;creative_empowerment_tools;democratic_ai_governance;scalable_oversight;stratospheric_aerosols;green_ammonia_production;personalized_medicine;longevity_basic;artificial_upwelling;fusion_materials;fusion_plasma_control;membrane_cascade_systems;ecosystem_management_ai;disease_elimination_basic;regenerative_medicine;fusion_power;biomimetic_filtration;photocatalytic_degradation;formal_verification;value_learning;ai_rights_framework;recursive_alignment;interspecies_communication;advanced_longevity;space_industrialization;molecular_nanotechnology;whole_brain_emulation",0.000000,0.000000,0.000000,0.116016,0.000000,0.000000,0.000000,4,0.000000,0.00,0.000000,0.000000,0.000000,0.000000,0,"",0.000000,0.000000
77,103,"rlhf_basic;mech_interp_basic;adversarial_eval;direct_air_capture;ai_pollution_remediation;collective_purpose_networks;ai_diagnostics;mrna_vaccines;solar_4th_gen;offshore_wind;ai_power_efficiency_communication;soil_p_optimization;p_efficient_cultivars;circular_food_systems;biological_nitrogen_fixation;nitrogen_circular_food;rhizosphere_engineering;nitroplast_integration;precision_fermentation_nitrogen;cold_tolerant_crops;phytoremediation_nitrogen;phytoremediation_networks;alternative_protein_insects_algae;active_sediment_management;regional_nitrogen_policies;mental_health_ai;ocean_alkalinity_enhancement;sediment_management_phosphorus;desalination_advanced;aquifer_mapping_ai;ecosystem_restoration_nitrogen;enhanced_ubi;local_resilience_networks;mech_interp_advanced;defensive_ai;strategic_grain_reserves;soil_health_restoration;struvite_recovery;precision_agriculture;nitrogen_monitoring_networks;algae_nutrient_capture;integrated_nutrient_management;pfas_remediation;ecological_proxy_rewilding;food_waste_reduction;coral_restoration_advanced;global_pfas_ban;habitat_restoration;emergency_greenhouse_networks;alternative_protein_insects;grid_batteries;smart_grids;green_chemistry;plastic_production_phaseout;microplastic_capture;endocrine_disruptor_removal;chemical_recycling;purpose_networks_advanced;education_personalization;precision_conservation;invasive_species_control;marine_cloud_brightening;bioenergy_ccs;emergency_food_distribution_ai;drought_resistant_crops;pesticide_alternatives;vertical_farming;precision_fermentation;atmospheric_water_harvest;solar_5th_gen;geothermal_advanced;hydrogen_economy;plastic_eating_enzymes;green_chemistry_substitution;nanomaterial_safety;rare_earth_recycling;ai_community_matching;creative_empowerment_tools;democratic_ai_governance;scalable_oversight;stratospheric_aerosols;green_ammonia_production;personalized_medicine;longevity_basic;artificial_upwelling;fusion_materials;fusion_plasma_control;membrane_cascade_systems;ecosystem_management_ai;disease_elimination_basic;regenerative_medicine;fusion_power;biomimetic_filtration;photocatalytic_degradation;formal_verification;value_learning;ai_rights_framework;recursive_alignment;interspecies_communication;advanced_longevity;space_industrialization;molecular_nanotechnology;whole_brain_emulation",0.000000,0.000000,0.000000,0.117634,0.000000,0.000000,0.000000,4,0.000000,0.00,0.000000,0.000000,0.000000,0.000000,0,"",0.000000,0.000000
78,103,"rlhf_basic;mech_interp_basic;adversarial_eval;direct_air_capture;ai_pollution_remediation;collective_purpose_networks;ai_diagnostics;mrna_vaccines;solar_4th_gen;offshore_wind;ai_power_efficiency_communication;soil_p_optimization;p_efficient_cultivars;circular_food_systems;biological_nitrogen_fixation;nitrogen_circular_food;rhizosphere_engineering;nitroplast_integration;precision_fermentation_nitrogen;cold_tolerant_crops;phytoremediation_nitrogen;phytoremediation_networks;alternative_protein_insects_algae;active_sediment_management;regional_nitrogen_policies;mental_health_ai;ocean_alkalinity_enhancement;sediment_management_phosphorus;desalination_advanced;aquifer_mapping_ai;ecosystem_restoration_nitrogen;enhanced_ubi;local_resilience_networks;mech_interp_advanced;defensive_ai;strategic_grain_reserves;soil_health_restoration;struvite_recovery;precision_agriculture;nitrogen_monitoring_networks;algae_nutrient_capture;integrated_nutrient_management;pfas_remediation;ecological_proxy_rewilding;food_waste_reduction;coral_restoration_advanced;global_pfas_ban;habitat_restoration;emergency_greenhouse_networks;alternative_protein_insects;grid_batteries;smart_grids;green_chemistry;plastic_production_phaseout;microplastic_capture;endocrine_disruptor_removal;chemical_recycling;purpose_networks_advanced;education_personalization;precision_conservation;invasive_species_control;marine_cloud_brightening;bioenergy_ccs;emergency_food_distribution_ai;drought_resistant_crops;pesticide_alternatives;vertical_farming;precision_fermentation;atmospheric_water_harvest;solar_5th_gen;geothermal_advanced;hydrogen_economy;plastic_eating_enzymes;green_chemistry_substitution;nanomaterial_safety;rare_earth_recycling;ai_community_matching;creative_empowerment_tools;democratic_ai_governance;scalable_oversight;stratospheric_aerosols;green_ammonia_production;personalized_medicine;longevity_basic;artificial_upwelling;fusion_materials;fusion_plasma_control;membrane_cascade_systems;ecosystem_management_ai;disease_elimination_basic;regenerative_medicine;fusion_power;biomimetic_filtration;photocatalytic_degradation;formal_verification;value_learning;ai_rights_framework;recursive_alignment;interspecies_communication;advanced_longevity;space_industrialization;molecular_nanotechnology;whole_brain_emulation",0.000000,0.000000,0.000000,0.119279,0.000000,0.000000,0.000000,4,0.000000,0.00,0.000000,0.000000,0.000000,0.000000,0,"",0.000000,0.000000
79,103,"rlhf_basic;mech_interp_basic;adversarial_eval;direct_air_capture;ai_pollution_remediation;collective_purpose_networks;ai_diagnostics;mrna_vaccines;solar_4th_gen;offshore_wind;ai_power_efficiency_communication;soil_p_optimization;p_efficient_cultivars;circular_food_systems;biological_nitrogen_fixation;nitrogen_circular_food;rhizosphere_engineering;nitroplast_integration;precision_fermentation_nitrogen;cold_tolerant_crops;phytoremediation_nitrogen;phytoremediation_networks;alternative_protein_insects_algae;active_sediment_management;regional_nitrogen_policies;mental_health_ai;ocean_alkalinity_enhancement;sediment_management_phosphorus;desalination_advanced;aquifer_mapping_ai;ecosystem_restoration_nitrogen;enhanced_ubi;local_resilience_networks;mech_interp_advanced;defensive_ai;strategic_grain_reserves;soil_health_restoration;struvite_recovery;precision_agriculture;nitrogen_monitoring_networks;algae_nutrient_capture;integrated_nutrient_management;pfas_remediation;ecological_proxy_rewilding;food_waste_reduction;coral_restoration_advanced;global_pfas_ban;habitat_restoration;emergency_greenhouse_networks;alternative_protein_insects;grid_batteries;smart_grids;green_chemistry;plastic_production_phaseout;microplastic_capture;endocrine_disruptor_removal;chemical_recycling;purpose_networks_advanced;education_personalization;precision_conservation;invasive_species_control;marine_cloud_brightening;bioenergy_ccs;emergency_food_distribution_ai;drought_resistant_crops;pesticide_alternatives;vertical_farming;precision_fermentation;atmospheric_water_harvest;solar_5th_gen;geothermal_advanced;hydrogen_economy;plastic_eating_enzymes;green_chemistry_substitution;nanomaterial_safety;rare_earth_recycling;ai_community_matching;creative_empowerment_tools;democratic_ai_governance;scalable_oversight;stratospheric_aerosols;green_ammonia_production;personalized_medicine;longevity_basic;artificial_upwelling;fusion_materials;fusion_plasma_control;membrane_cascade_systems;ecosystem_management_ai;disease_elimination_basic;regenerative_medicine;fusion_power;biomimetic_filtration;photocatalytic_degradation;formal_verification;value_learning;ai_rights_framework;recursive_alignment;interspecies_communication;advanced_longevity;space_industrialization;molecular_nanotechnology;whole_brain_emulation",0.000000,0.000000,0.000000,0.120950,0.000000,0.000000,0.000000,4,0.000000,0.00,0.000000,0.000000,0.000000,0.000000,0,"",0.000000,0.000000
80,103,"rlhf_basic;mech_interp_basic;adversarial_eval;direct_air_capture;ai_pollution_remediation;collective_purpose_networks;ai_diagnostics;mrna_vaccines;solar_4th_gen;offshore_wind;ai_power_efficiency_communication;soil_p_optimization;p_efficient_cultivars;circular_food_systems;biological_nitrogen_fixation;nitrogen_circular_food;rhizosphere_engineering;nitroplast_integration;precision_fermentation_nitrogen;cold_tolerant_crops;phytoremediation_nitrogen;phytoremediation_networks;alternative_protein_insects_algae;active_sediment_management;regional_nitrogen_policies;mental_health_ai;ocean_alkalinity_enhancement;sediment_management_phosphorus;desalination_advanced;aquifer_mapping_ai;ecosystem_restoration_nitrogen;enhanced_ubi;local_resilience_networks;mech_interp_advanced;defensive_ai;strategic_grain_reserves;soil_health_restoration;struvite_recovery;precision_agriculture;nitrogen_monitoring_networks;algae_nutrient_capture;integrated_nutrient_management;pfas_remediation;ecological_proxy_rewilding;food_waste_reduction;coral_restoration_advanced;global_pfas_ban;habitat_restoration;emergency_greenhouse_networks;alternative_protein_insects;grid_batteries;smart_grids;green_chemistry;plastic_production_phaseout;microplastic_capture;endocrine_disruptor_removal;chemical_recycling;purpose_networks_advanced;education_personalization;precision_conservation;invasive_species_control;marine_cloud_brightening;bioenergy_ccs;emergency_food_distribution_ai;drought_resistant_crops;pesticide_alternatives;vertical_farming;precision_fermentation;atmospheric_water_harvest;solar_5th_gen;geothermal_advanced;hydrogen_economy;plastic_eating_enzymes;green_chemistry_substitution;nanomaterial_safety;rare_earth_recycling;ai_community_matching;creative_empowerment_tools;democratic_ai_governance;scalable_oversight;stratospheric_aerosols;green_ammonia_production;personalized_medicine;longevity_basic;artificial_upwelling;fusion_materials;fusion_plasma_control;membrane_cascade_systems;ecosystem_management_ai;disease_elimination_basic;regenerative_medicine;fusion_power;biomimetic_filtration;photocatalytic_degradation;formal_verification;value_learning;ai_rights_framework;recursive_alignment;interspecies_communication;advanced_longevity;space_industrialization;molecular_nanotechnology;whole_brain_emulation",0.000000,0.000000,0.000000,0.122647,0.000000,0.000000,0.000000,4,0.000000,0.00,0.000000,0.000000,0.000000,0.000000,0,"",0.000000,0.000000
81,103,"rlhf_basic;mech_interp_basic;adversarial_eval;direct_air_capture;ai_pollution_remediation;collective_purpose_networks;ai_diagnostics;mrna_vaccines;solar_4th_gen;offshore_wind;ai_power_efficiency_communication;soil_p_optimization;p_efficient_cultivars;circular_food_systems;biological_nitrogen_fixation;nitrogen_circular_food;rhizosphere_engineering;nitroplast_integration;precision_fermentation_nitrogen;cold_tolerant_crops;phytoremediation_nitrogen;phytoremediation_networks;alternative_protein_insects_algae;active_sediment_management;regional_nitrogen_policies;mental_health_ai;ocean_alkalinity_enhancement;sediment_management_phosphorus;desalination_advanced;aquifer_mapping_ai;ecosystem_restoration_nitrogen;enhanced_ubi;local_resilience_networks;mech_interp_advanced;defensive_ai;strategic_grain_reserves;soil_health_restoration;struvite_recovery;precision_agriculture;nitrogen_monitoring_networks;algae_nutrient_capture;integrated_nutrient_management;pfas_remediation;ecological_proxy_rewilding;food_waste_reduction;coral_restoration_advanced;global_pfas_ban;habitat_restoration;emergency_greenhouse_networks;alternative_protein_insects;grid_batteries;smart_grids;green_chemistry;plastic_production_phaseout;microplastic_capture;endocrine_disruptor_removal;chemical_recycling;purpose_networks_advanced;education_personalization;precision_conservation;invasive_species_control;marine_cloud_brightening;bioenergy_ccs;emergency_food_distribution_ai;drought_resistant_crops;pesticide_alternatives;vertical_farming;precision_fermentation;atmospheric_water_harvest;solar_5th_gen;geothermal_advanced;hydrogen_economy;plastic_eating_enzymes;green_chemistry_substitution;nanomaterial_safety;rare_earth_recycling;ai_community_matching;creative_empowerment_tools;democratic_ai_governance;scalable_oversight;stratospheric_aerosols;green_ammonia_production;personalized_medicine;longevity_basic;artificial_upwelling;fusion_materials;fusion_plasma_control;membrane_cascade_systems;ecosystem_management_ai;disease_elimination_basic;regenerative_medicine;fusion_power;biomimetic_filtration;photocatalytic_degradation;formal_verification;value_learning;ai_rights_framework;recursive_alignment;interspecies_communication;advanced_longevity;space_industrialization;molecular_nanotechnology;whole_brain_emulation",0.000000,0.000000,0.000000,0.124372,0.000000,0.000000,0.000000,4,0.000000,0.00,0.000000,0.000000,0.000000,0.000000,0,"",0.000000,0.000000
82,103,"rlhf_basic;mech_interp_basic;adversarial_eval;direct_air_capture;ai_pollution_remediation;collective_purpose_networks;ai_diagnostics;mrna_vaccines;solar_4th_gen;offshore_wind;ai_power_efficiency_communication;soil_p_optimization;p_efficient_cultivars;circular_food_systems;biological_nitrogen_fixation;nitrogen_circular_food;rhizosphere_engineering;nitroplast_integration;precision_fermentation_nitrogen;cold_tolerant_crops;phytoremediation_nitrogen;phytoremediation_networks;alternative_protein_insects_algae;active_sediment_management;regional_nitrogen_policies;mental_health_ai;ocean_alkalinity_enhancement;sediment_management_phosphorus;desalination_advanced;aquifer_mapping_ai;ecosystem_restoration_nitrogen;enhanced_ubi;local_resilience_networks;mech_interp_advanced;defensive_ai;strategic_grain_reserves;soil_health_restoration;struvite_recovery;precision_agriculture;nitrogen_monitoring_networks;algae_nutrient_capture;integrated_nutrient_management;pfas_remediation;ecological_proxy_rewilding;food_waste_reduction;coral_restoration_advanced;global_pfas_ban;habitat_restoration;emergency_greenhouse_networks;alternative_protein_insects;grid_batteries;smart_grids;green_chemistry;plastic_production_phaseout;microplastic_capture;endocrine_disruptor_removal;chemical_recycling;purpose_networks_advanced;education_personalization;precision_conservation;invasive_species_control;marine_cloud_brightening;bioenergy_ccs;emergency_food_distribution_ai;drought_resistant_crops;pesticide_alternatives;vertical_farming;precision_fermentation;atmospheric_water_harvest;solar_5th_gen;geothermal_advanced;hydrogen_economy;plastic_eating_enzymes;green_chemistry_substitution;nanomaterial_safety;rare_earth_recycling;ai_community_matching;creative_empowerment_tools;democratic_ai_governance;scalable_oversight;stratospheric_aerosols;green_ammonia_production;personalized_medicine;longevity_basic;artificial_upwelling;fusion_materials;fusion_plasma_control;membrane_cascade_systems;ecosystem_management_ai;disease_elimination_basic;regenerative_medicine;fusion_power;biomimetic_filtration;photocatalytic_degradation;formal_verification;value_learning;ai_rights_framework;recursive_alignment;interspecies_communication;advanced_longevity;space_industrialization;molecular_nanotechnology;whole_brain_emulation",0.000000,0.000000,0.000000,0.126124,0.000000,0.000000,0.000000,4,0.000000,0.00,0.000000,0.000000,0.000000,0.000000,0,"",0.000000,0.000000
83,103,"rlhf_basic;mech_interp_basic;adversarial_eval;direct_air_capture;ai_pollution_remediation;collective_purpose_networks;ai_diagnostics;mrna_vaccines;solar_4th_gen;offshore_wind;ai_power_efficiency_communication;soil_p_optimization;p_efficient_cultivars;circular_food_systems;biological_nitrogen_fixation;nitrogen_circular_food;rhizosphere_engineering;nitroplast_integration;precision_fermentation_nitrogen;cold_tolerant_crops;phytoremediation_nitrogen;phytoremediation_networks;alternative_protein_insects_algae;active_sediment_management;regional_nitrogen_policies;mental_health_ai;ocean_alkalinity_enhancement;sediment_management_phosphorus;desalination_advanced;aquifer_mapping_ai;ecosystem_restoration_nitrogen;enhanced_ubi;local_resilience_networks;mech_interp_advanced;defensive_ai;strategic_grain_reserves;soil_health_restoration;struvite_recovery;precision_agriculture;nitrogen_monitoring_networks;algae_nutrient_capture;integrated_nutrient_management;pfas_remediation;ecological_proxy_rewilding;food_waste_reduction;coral_restoration_advanced;global_pfas_ban;habitat_restoration;emergency_greenhouse_networks;alternative_protein_insects;grid_batteries;smart_grids;green_chemistry;plastic_production_phaseout;microplastic_capture;endocrine_disruptor_removal;chemical_recycling;purpose_networks_advanced;education_personalization;precision_conservation;invasive_species_control;marine_cloud_brightening;bioenergy_ccs;emergency_food_distribution_ai;drought_resistant_crops;pesticide_alternatives;vertical_farming;precision_fermentation;atmospheric_water_harvest;solar_5th_gen;geothermal_advanced;hydrogen_economy;plastic_eating_enzymes;green_chemistry_substitution;nanomaterial_safety;rare_earth_recycling;ai_community_matching;creative_empowerment_tools;democratic_ai_governance;scalable_oversight;stratospheric_aerosols;green_ammonia_production;personalized_medicine;longevity_basic;artificial_upwelling;fusion_materials;fusion_plasma_control;membrane_cascade_systems;ecosystem_management_ai;disease_elimination_basic;regenerative_medicine;fusion_power;biomimetic_filtration;photocatalytic_degradation;formal_verification;value_learning;ai_rights_framework;recursive_alignment;interspecies_communication;advanced_longevity;space_industrialization;molecular_nanotechnology;whole_brain_emulation",0.000000,0.000000,0.000000,0.127904,0.000000,0.000000,0.000000,4,0.000000,0.00,0.000000,0.000000,0.000000,0.000000,0,"",0.000000,0.000000
84,103,"rlhf_basic;mech_interp_basic;adversarial_eval;direct_air_capture;ai_pollution_remediation;collective_purpose_networks;ai_diagnostics;mrna_vaccines;solar_4th_gen;offshore_wind;ai_power_efficiency_communication;soil_p_optimization;p_efficient_cultivars;circular_food_systems;biological_nitrogen_fixation;nitrogen_circular_food;rhizosphere_engineering;nitroplast_integration;precision_fermentation_nitrogen;cold_tolerant_crops;phytoremediation_nitrogen;phytoremediation_networks;alternative_protein_insects_algae;active_sediment_management;regional_nitrogen_policies;mental_health_ai;ocean_alkalinity_enhancement;sediment_management_phosphorus;desalination_advanced;aquifer_mapping_ai;ecosystem_restoration_nitrogen;enhanced_ubi;local_resilience_networks;mech_interp_advanced;defensive_ai;strategic_grain_reserves;soil_health_restoration;struvite_recovery;precision_agriculture;nitrogen_monitoring_networks;algae_nutrient_capture;integrated_nutrient_management;pfas_remediation;ecological_proxy_rewilding;food_waste_reduction;coral_restoration_advanced;global_pfas_ban;habitat_restoration;emergency_greenhouse_networks;alternative_protein_insects;grid_batteries;smart_grids;green_chemistry;plastic_production_phaseout;microplastic_capture;endocrine_disruptor_removal;chemical_recycling;purpose_networks_advanced;education_personalization;precision_conservation;invasive_species_control;marine_cloud_brightening;bioenergy_ccs;emergency_food_distribution_ai;drought_resistant_crops;pesticide_alternatives;vertical_farming;precision_fermentation;atmospheric_water_harvest;solar_5th_gen;geothermal_advanced;hydrogen_economy;plastic_eating_enzymes;green_chemistry_substitution;nanomaterial_safety;rare_earth_recycling;ai_community_matching;creative_empowerment_tools;democratic_ai_governance;scalable_oversight;stratospheric_aerosols;green_ammonia_production;personalized_medicine;longevity_basic;artificial_upwelling;fusion_materials;fusion_plasma_control;membrane_cascade_systems;ecosystem_management_ai;disease_elimination_basic;regenerative_medicine;fusion_power;biomimetic_filtration;photocatalytic_degradation;formal_verification;value_learning;ai_rights_framework;recursive_alignment;interspecies_communication;advanced_longevity;space_industrialization;molecular_nanotechnology;whole_brain_emulation",0.000000,0.000000,0.000000,0.129712,0.000000,0.000000,0.000000,4,0.000000,0.00,0.000000,0.000000,0.000000,0.000000,0,"",0.000000,0.000000
85,103,"rlhf_basic;mech_interp_basic;adversarial_eval;direct_air_capture;ai_pollution_remediation;collective_purpose_networks;ai_diagnostics;mrna_vaccines;solar_4th_gen;offshore_wind;ai_power_efficiency_communication;soil_p_optimization;p_efficient_cultivars;circular_food_systems;biological_nitrogen_fixation;nitrogen_circular_food;rhizosphere_engineering;nitroplast_integration;precision_fermentation_nitrogen;cold_tolerant_crops;phytoremediation_nitrogen;phytoremediation_networks;alternative_protein_insects_algae;active_sediment_management;regional_nitrogen_policies;mental_health_ai;ocean_alkalinity_enhancement;sediment_management_phosphorus;desalination_advanced;aquifer_mapping_ai;ecosystem_restoration_nitrogen;enhanced_ubi;local_resilience_networks;mech_interp_advanced;defensive_ai;strategic_grain_reserves;soil_health_restoration;struvite_recovery;precision_agriculture;nitrogen_monitoring_networks;algae_nutrient_capture;integrated_nutrient_management;pfas_remediation;ecological_proxy_rewilding;food_waste_reduction;coral_restoration_advanced;global_pfas_ban;habitat_restoration;emergency_greenhouse_networks;alternative_protein_insects;grid_batteries;smart_grids;green_chemistry;plastic_production_phaseout;microplastic_capture;endocrine_disruptor_removal;chemical_recycling;purpose_networks_advanced;education_personalization;precision_conservation;invasive_species_control;marine_cloud_brightening;bioenergy_ccs;emergency_food_distribution_ai;drought_resistant_crops;pesticide_alternatives;vertical_farming;precision_fermentation;atmospheric_water_harvest;solar_5th_gen;geothermal_advanced;hydrogen_economy;plastic_eating_enzymes;green_chemistry_substitution;nanomaterial_safety;rare_earth_recycling;ai_community_matching;creative_empowerment_tools;democratic_ai_governance;scalable_oversight;stratospheric_aerosols;green_ammonia_production;personalized_medicine;longevity_basic;artificial_upwelling;fusion_materials;fusion_plasma_control;membrane_cascade_systems;ecosystem_management_ai;disease_elimination_basic;regenerative_medicine;fusion_power;biomimetic_filtration;photocatalytic_degradation;formal_verification;value_learning;ai_rights_framework;recursive_alignment;interspecies_communication;advanced_longevity;space_industrialization;molecular_nanotechnology;whole_brain_emulation",0.000000,0.000000,0.000000,0.131548,0.000000,0.000000,0.000000,4,0.000000,0.00,0.000000,0.000000,0.000000,0.000000,0,"",0.000000,0.000000
86,103,"rlhf_basic;mech_interp_basic;adversarial_eval;direct_air_capture;ai_pollution_remediation;collective_purpose_networks;ai_diagnostics;mrna_vaccines;solar_4th_gen;offshore_wind;ai_power_efficiency_communication;soil_p_optimization;p_efficient_cultivars;circular_food_systems;biological_nitrogen_fixation;nitrogen_circular_food;rhizosphere_engineering;nitroplast_integration;precision_fermentation_nitrogen;cold_tolerant_crops;phytoremediation_nitrogen;phytoremediation_networks;alternative_protein_insects_algae;active_sediment_management;regional_nitrogen_policies;mental_health_ai;ocean_alkalinity_enhancement;sediment_management_phosphorus;desalination_advanced;aquifer_mapping_ai;ecosystem_restoration_nitrogen;enhanced_ubi;local_resilience_networks;mech_interp_advanced;defensive_ai;strategic_grain_reserves;soil_health_restoration;struvite_recovery;precision_agriculture;nitrogen_monitoring_networks;algae_nutrient_capture;integrated_nutrient_management;pfas_remediation;ecological_proxy_rewilding;food_waste_reduction;coral_restoration_advanced;global_pfas_ban;habitat_restoration;emergency_greenhouse_networks;alternative_protein_insects;grid_batteries;smart_grids;green_chemistry;plastic_production_phaseout;microplastic_capture;endocrine_disruptor_removal;chemical_recycling;purpose_networks_advanced;education_personalization;precision_conservation;invasive_species_control;marine_cloud_brightening;bioenergy_ccs;emergency_food_distribution_ai;drought_resistant_crops;pesticide_alternatives;vertical_farming;precision_fermentation;atmospheric_water_harvest;solar_5th_gen;geothermal_advanced;hydrogen_economy;plastic_eating_enzymes;green_chemistry_substitution;nanomaterial_safety;rare_earth_recycling;ai_community_matching;creative_empowerment_tools;democratic_ai_governance;scalable_oversight;stratospheric_aerosols;green_ammonia_production;personalized_medicine;longevity_basic;artificial_upwelling;fusion_materials;fusion_plasma_control;membrane_cascade_systems;ecosystem_management_ai;disease_elimination_basic;regenerative_medicine;fusion_power;biomimetic_filtration;photocatalytic_degradation;formal_verification;value_learning;ai_rights_framework;recursive_alignment;interspecies_communication;advanced_longevity;space_industrialization;molecular_nanotechnology;whole_brain_emulation",0.000000,0.000000,0.000000,0.133414,0.000000,0.000000,0.000000,4,0.000000,0.00,0.000000,0.000000,0.000000,0.000000,0,"",0.000000,0.000000
87,103,"rlhf_basic;mech_interp_basic;adversarial_eval;direct_air_capture;ai_pollution_remediation;collective_purpose_networks;ai_diagnostics;mrna_vaccines;solar_4th_gen;offshore_wind;ai_power_efficiency_communication;soil_p_optimization;p_efficient_cultivars;circular_food_systems;biological_nitrogen_fixation;nitrogen_circular_food;rhizosphere_engineering;nitroplast_integration;precision_fermentation_nitrogen;cold_tolerant_crops;phytoremediation_nitrogen;phytoremediation_networks;alternative_protein_insects_algae;active_sediment_management;regional_nitrogen_policies;mental_health_ai;ocean_alkalinity_enhancement;sediment_management_phosphorus;desalination_advanced;aquifer_mapping_ai;ecosystem_restoration_nitrogen;enhanced_ubi;local_resilience_networks;mech_interp_advanced;defensive_ai;strategic_grain_reserves;soil_health_restoration;struvite_recovery;precision_agriculture;nitrogen_monitoring_networks;algae_nutrient_capture;integrated_nutrient_management;pfas_remediation;ecological_proxy_rewilding;food_waste_reduction;coral_restoration_advanced;global_pfas_ban;habitat_restoration;emergency_greenhouse_networks;alternative_protein_insects;grid_batteries;smart_grids;green_chemistry;plastic_production_phaseout;microplastic_capture;endocrine_disruptor_removal;chemical_recycling;purpose_networks_advanced;education_personalization;precision_conservation;invasive_species_control;marine_cloud_brightening;bioenergy_ccs;emergency_food_distribution_ai;drought_resistant_crops;pesticide_alternatives;vertical_farming;precision_fermentation;atmospheric_water_harvest;solar_5th_gen;geothermal_advanced;hydrogen_economy;plastic_eating_enzymes;green_chemistry_substitution;nanomaterial_safety;rare_earth_recycling;ai_community_matching;creative_empowerment_tools;democratic_ai_governance;scalable_oversight;stratospheric_aerosols;green_ammonia_production;personalized_medicine;longevity_basic;artificial_upwelling;fusion_materials;fusion_plasma_control;membrane_cascade_systems;ecosystem_management_ai;disease_elimination_basic;regenerative_medicine;fusion_power;biomimetic_filtration;photocatalytic_degradation;formal_verification;value_learning;ai_rights_framework;recursive_alignment;interspecies_communication;advanced_longevity;space_industrialization;molecular_nanotechnology;whole_brain_emulation",0.000000,0.000000,0.000000,0.135309,0.000000,0.000000,0.000000,3,0.000000,0.00,0.000000,0.000000,0.000000,0.000000,0,"",0.000000,0.000000
88,103,"rlhf_basic;mech_interp_basic;adversarial_eval;direct_air_capture;ai_pollution_remediation;collective_purpose_networks;ai_diagnostics;mrna_vaccines;solar_4th_gen;offshore_wind;ai_power_efficiency_communication;soil_p_optimization;p_efficient_cultivars;circular_food_systems;biological_nitrogen_fixation;nitrogen_circular_food;rhizosphere_engineering;nitroplast_integration;precision_fermentation_nitrogen;cold_tolerant_crops;phytoremediation_nitrogen;phytoremediation_networks;alternative_protein_insects_algae;active_sediment_management;regional_nitrogen_policies;mental_health_ai;ocean_alkalinity_enhancement;sediment_management_phosphorus;desalination_advanced;aquifer_mapping_ai;ecosystem_restoration_nitrogen;enhanced_ubi;local_resilience_networks;mech_interp_advanced;defensive_ai;strategic_grain_reserves;soil_health_restoration;struvite_recovery;precision_agriculture;nitrogen_monitoring_networks;algae_nutrient_capture;integrated_nutrient_management;pfas_remediation;ecological_proxy_rewilding;food_waste_reduction;coral_restoration_advanced;global_pfas_ban;habitat_restoration;emergency_greenhouse_networks;alternative_protein_insects;grid_batteries;smart_grids;green_chemistry;plastic_production_phaseout;microplastic_capture;endocrine_disruptor_removal;chemical_recycling;purpose_networks_advanced;education_personalization;precision_conservation;invasive_species_control;marine_cloud_brightening;bioenergy_ccs;emergency_food_distribution_ai;drought_resistant_crops;pesticide_alternatives;vertical_farming;precision_fermentation;atmospheric_water_harvest;solar_5th_gen;geothermal_advanced;hydrogen_economy;plastic_eating_enzymes;green_chemistry_substitution;nanomaterial_safety;rare_earth_recycling;ai_community_matching;creative_empowerment_tools;democratic_ai_governance;scalable_oversight;stratospheric_aerosols;green_ammonia_production;personalized_medicine;longevity_basic;artificial_upwelling;fusion_materials;fusion_plasma_control;membrane_cascade_systems;ecosystem_management_ai;disease_elimination_basic;regenerative_medicine;fusion_power;biomimetic_filtration;photocatalytic_degradation;formal_verification;value_learning;ai_rights_framework;recursive_alignment;interspecies_communication;advanced_longevity;space_industrialization;molecular_nanotechnology;whole_brain_emulation",0.000000,0.000000,0.000000,0.137234,0.000000,0.000000,0.000000,3,0.000000,0.00,0.000000,0.000000,0.000000,0.000000,0,"",0.000000,0.000000
89,103,"rlhf_basic;mech_interp_basic;adversarial_eval;direct_air_capture;ai_pollution_remediation;collective_purpose_networks;ai_diagnostics;mrna_vaccines;solar_4th_gen;offshore_wind;ai_power_efficiency_communication;soil_p_optimization;p_efficient_cultivars;circular_food_systems;biological_nitrogen_fixation;nitrogen_circular_food;rhizosphere_engineering;nitroplast_integration;precision_fermentation_nitrogen;cold_tolerant_crops;phytoremediation_nitrogen;phytoremediation_networks;alternative_protein_insects_algae;active_sediment_management;regional_nitrogen_policies;mental_health_ai;ocean_alkalinity_enhancement;sediment_management_phosphorus;desalination_advanced;aquifer_mapping_ai;ecosystem_restoration_nitrogen;enhanced_ubi;local_resilience_networks;mech_interp_advanced;defensive_ai;strategic_grain_reserves;soil_health_restoration;struvite_recovery;precision_agriculture;nitrogen_monitoring_networks;algae_nutrient_capture;integrated_nutrient_management;pfas_remediation;ecological_proxy_rewilding;food_waste_reduction;coral_restoration_advanced;global_pfas_ban;habitat_restoration;emergency_greenhouse_networks;alternative_protein_insects;grid_batteries;smart_grids;green_chemistry;plastic_production_phaseout;microplastic_capture;endocrine_disruptor_removal;chemical_recycling;purpose_networks_advanced;education_personalization;precision_conservation;invasive_species_control;marine_cloud_brightening;bioenergy_ccs;emergency_food_distribution_ai;drought_resistant_crops;pesticide_alternatives;vertical_farming;precision_fermentation;atmospheric_water_harvest;solar_5th_gen;geothermal_advanced;hydrogen_economy;plastic_eating_enzymes;green_chemistry_substitution;nanomaterial_safety;rare_earth_recycling;ai_community_matching;creative_empowerment_tools;democratic_ai_governance;scalable_oversight;stratospheric_aerosols;green_ammonia_production;personalized_medicine;longevity_basic;artificial_upwelling;fusion_materials;fusion_plasma_control;membrane_cascade_systems;ecosystem_management_ai;disease_elimination_basic;regenerative_medicine;fusion_power;biomimetic_filtration;photocatalytic_degradation;formal_verification;value_learning;ai_rights_framework;recursive_alignment;interspecies_communication;advanced_longevity;space_industrialization;molecular_nanotechnology;whole_brain_emulation",0.000000,0.000000,0.000000,0.139190,0.000000,0.000000,0.000000,3,0.000000,0.00,0.000000,0.000000,0.000000,0.000000,0,"",0.000000,0.000000
90,103,"rlhf_basic;mech_interp_basic;adversarial_eval;direct_air_capture;ai_pollution_remediation;collective_purpose_networks;ai_diagnostics;mrna_vaccines;solar_4th_gen;offshore_wind;ai_power_efficiency_communication;soil_p_optimization;p_efficient_cultivars;circular_food_systems;biological_nitrogen_fixation;nitrogen_circular_food;rhizosphere_engineering;nitroplast_integration;precision_fermentation_nitrogen;cold_tolerant_crops;phytoremediation_nitrogen;phytoremediation_networks;alternative_protein_insects_algae;active_sediment_management;regional_nitrogen_policies;mental_health_ai;ocean_alkalinity_enhancement;sediment_management_phosphorus;desalination_advanced;aquifer_mapping_ai;ecosystem_restoration_nitrogen;enhanced_ubi;local_resilience_networks;mech_interp_advanced;defensive_ai;strategic_grain_reserves;soil_health_restoration;struvite_recovery;precision_agriculture;nitrogen_monitoring_networks;algae_nutrient_capture;integrated_nutrient_management;pfas_remediation;ecological_proxy_rewilding;food_waste_reduction;coral_restoration_advanced;global_pfas_ban;habitat_restoration;emergency_greenhouse_networks;alternative_protein_insects;grid_batteries;smart_grids;green_chemistry;plastic_production_phaseout;microplastic_capture;endocrine_disruptor_removal;chemical_recycling;purpose_networks_advanced;education_personalization;precision_conservation;invasive_species_control;marine_cloud_brightening;bioenergy_ccs;emergency_food_distribution_ai;drought_resistant_crops;pesticide_alternatives;vertical_farming;precision_fermentation;atmospheric_water_harvest;solar_5th_gen;geothermal_advanced;hydrogen_economy;plastic_eating_enzymes;green_chemistry_substitution;nanomaterial_safety;rare_earth_recycling;ai_community_matching;creative_empowerment_tools;democratic_ai_governance;scalable_oversight;stratospheric_aerosols;green_ammonia_production;personalized_medicine;longevity_basic;artificial_upwelling;fusion_materials;fusion_plasma_control;membrane_cascade_systems;ecosystem_management_ai;disease_elimination_basic;regenerative_medicine;fusion_power;biomimetic_filtration;photocatalytic_degradation;formal_verification;value_learning;ai_rights_framework;recursive_alignment;interspecies_communication;advanced_longevity;space_industrialization;molecular_nanotechnology;whole_brain_emulation",0.000000,0.000000,0.000000,0.141176,0.000000,0.000000,0.000000,3,0.000000,0.00,0.000000,0.000000,0.000000,0.000000,0,"",0.000000,0.000000
91,103,"rlhf_basic;mech_interp_basic;adversarial_eval;direct_air_capture;ai_pollution_remediation;collective_purpose_networks;ai_diagnostics;mrna_vaccines;solar_4th_gen;offshore_wind;ai_power_efficiency_communication;soil_p_optimization;p_efficient_cultivars;circular_food_systems;biological_nitrogen_fixation;nitrogen_circular_food;rhizosphere_engineering;nitroplast_integration;precision_fermentation_nitrogen;cold_tolerant_crops;phytoremediation_nitrogen;phytoremediation_networks;alternative_protein_insects_algae;active_sediment_management;regional_nitrogen_policies;mental_health_ai;ocean_alkalinity_enhancement;sediment_management_phosphorus;desalination_advanced;aquifer_mapping_ai;ecosystem_restoration_nitrogen;enhanced_ubi;local_resilience_networks;mech_interp_advanced;defensive_ai;strategic_grain_reserves;soil_health_restoration;struvite_recovery;precision_agriculture;nitrogen_monitoring_networks;algae_nutrient_capture;integrated_nutrient_management;pfas_remediation;ecological_proxy_rewilding;food_waste_reduction;coral_restoration_advanced;global_pfas_ban;habitat_restoration;emergency_greenhouse_networks;alternative_protein_insects;grid_batteries;smart_grids;green_chemistry;plastic_production_phaseout;microplastic_capture;endocrine_disruptor_removal;chemical_recycling;purpose_networks_advanced;education_personalization;precision_conservation;invasive_species_control;marine_cloud_brightening;bioenergy_ccs;emergency_food_distribution_ai;drought_resistant_crops;pesticide_alternatives;vertical_farming;precision_fermentation;atmospheric_water_harvest;solar_5th_gen;geothermal_advanced;hydrogen_economy;plastic_eating_enzymes;green_chemistry_substitution;nanomaterial_safety;rare_earth_recycling;ai_community_matching;creative_empowerment_tools;democratic_ai_governance;scalable_oversight;stratospheric_aerosols;green_ammonia_production;personalized_medicine;longevity_basic;artificial_upwelling;fusion_materials;fusion_plasma_control;membrane_cascade_systems;ecosystem_management_ai;disease_elimination_basic;regenerative_medicine;fusion_power;biomimetic_filtration;photocatalytic_degradation;formal_verification;value_learning;ai_rights_framework;recursive_alignment;interspecies_communication;advanced_longevity;space_industrialization;molecular_nanotechnology;whole_brain_emulation",0.000000,0.000000,0.000000,0.143193,0.000000,0.000000,0.000000,3,0.000000,0.00,0.000000,0.000000,0.000000,0.000000,0,"",0.000000,0.000000
92,103,"rlhf_basic;mech_interp_basic;adversarial_eval;direct_air_capture;ai_pollution_remediation;collective_purpose_networks;ai_diagnostics;mrna_vaccines;solar_4th_gen;offshore_wind;ai_power_efficiency_communication;soil_p_optimization;p_efficient_cultivars;circular_food_systems;biological_nitrogen_fixation;nitrogen_circular_food;rhizosphere_engineering;nitroplast_integration;precision_fermentation_nitrogen;cold_tolerant_crops;phytoremediation_nitrogen;phytoremediation_networks;alternative_protein_insects_algae;active_sediment_management;regional_nitrogen_policies;mental_health_ai;ocean_alkalinity_enhancement;sediment_management_phosphorus;desalination_advanced;aquifer_mapping_ai;ecosystem_restoration_nitrogen;enhanced_ubi;local_resilience_networks;mech_interp_advanced;defensive_ai;strategic_grain_reserves;soil_health_restoration;struvite_recovery;precision_agriculture;nitrogen_monitoring_networks;algae_nutrient_capture;integrated_nutrient_management;pfas_remediation;ecological_proxy_rewilding;food_waste_reduction;coral_restoration_advanced;global_pfas_ban;habitat_restoration;emergency_greenhouse_networks;alternative_protein_insects;grid_batteries;smart_grids;green_chemistry;plastic_production_phaseout;microplastic_capture;endocrine_disruptor_removal;chemical_recycling;purpose_networks_advanced;education_personalization;precision_conservation;invasive_species_control;marine_cloud_brightening;bioenergy_ccs;emergency_food_distribution_ai;drought_resistant_crops;pesticide_alternatives;vertical_farming;precision_fermentation;atmospheric_water_harvest;solar_5th_gen;geothermal_advanced;hydrogen_economy;plastic_eating_enzymes;green_chemistry_substitution;nanomaterial_safety;rare_earth_recycling;ai_community_matching;creative_empowerment_tools;democratic_ai_governance;scalable_oversight;stratospheric_aerosols;green_ammonia_production;personalized_medicine;longevity_basic;artificial_upwelling;fusion_materials;fusion_plasma_control;membrane_cascade_systems;ecosystem_management_ai;disease_elimination_basic;regenerative_medicine;fusion_power;biomimetic_filtration;photocatalytic_degradation;formal_verification;value_learning;ai_rights_framework;recursive_alignment;interspecies_communication;advanced_longevity;space_industrialization;molecular_nanotechnology;whole_brain_emulation",0.000000,0.000000,0.000000,0.145242,0.000000,0.000000,0.000000,3,0.000000,0.00,0.000000,0.000000,0.000000,0.000000,0,"",0.000000,0.000000
93,103,"rlhf_basic;mech_interp_basic;adversarial_eval;direct_air_capture;ai_pollution_remediation;collective_purpose_networks;ai_diagnostics;mrna_vaccines;solar_4th_gen;offshore_wind;ai_power_efficiency_communication;soil_p_optimization;p_efficient_cultivars;circular_food_systems;biological_nitrogen_fixation;nitrogen_circular_food;rhizosphere_engineering;nitroplast_integration;precision_fermentation_nitrogen;cold_tolerant_crops;phytoremediation_nitrogen;phytoremediation_networks;alternative_protein_insects_algae;active_sediment_management;regional_nitrogen_policies;mental_health_ai;ocean_alkalinity_enhancement;sediment_management_phosphorus;desalination_advanced;aquifer_mapping_ai;ecosystem_restoration_nitrogen;enhanced_ubi;local_resilience_networks;mech_interp_advanced;defensive_ai;strategic_grain_reserves;soil_health_restoration;struvite_recovery;precision_agriculture;nitrogen_monitoring_networks;algae_nutrient_capture;integrated_nutrient_management;pfas_remediation;ecological_proxy_rewilding;food_waste_reduction;coral_restoration_advanced;global_pfas_ban;habitat_restoration;emergency_greenhouse_networks;alternative_protein_insects;grid_batteries;smart_grids;green_chemistry;plastic_production_phaseout;microplastic_capture;endocrine_disruptor_removal;chemical_recycling;purpose_networks_advanced;education_personalization;precision_conservation;invasive_species_control;marine_cloud_brightening;bioenergy_ccs;emergency_food_distribution_ai;drought_resistant_crops;pesticide_alternatives;vertical_farming;precision_fermentation;atmospheric_water_harvest;solar_5th_gen;geothermal_advanced;hydrogen_economy;plastic_eating_enzymes;green_chemistry_substitution;nanomaterial_safety;rare_earth_recycling;ai_community_matching;creative_empowerment_tools;democratic_ai_governance;scalable_oversight;stratospheric_aerosols;green_ammonia_production;personalized_medicine;longevity_basic;artificial_upwelling;fusion_materials;fusion_plasma_control;membrane_cascade_systems;ecosystem_management_ai;disease_elimination_basic;regenerative_medicine;fusion_power;biomimetic_filtration;photocatalytic_degradation;formal_verification;value_learning;ai_rights_framework;recursive_alignment;interspecies_communication;advanced_longevity;space_industrialization;molecular_nanotechnology;whole_brain_emulation",0.000000,0.000000,0.000000,0.147323,0.000000,0.000000,0.000000,3,0.000000,0.00,0.000000,0.000000,0.000000,0.000000,0,"",0.000000,0.000000
94,103,"rlhf_basic;mech_interp_basic;adversarial_eval;direct_air_capture;ai_pollution_remediation;collective_purpose_networks;ai_diagnostics;mrna_vaccines;solar_4th_gen;offshore_wind;ai_power_efficiency_communication;soil_p_optimization;p_efficient_cultivars;circular_food_systems;biological_nitrogen_fixation;nitrogen_circular_food;rhizosphere_engineering;nitroplast_integration;precision_fermentation_nitrogen;cold_tolerant_crops;phytoremediation_nitrogen;phytoremediation_networks;alternative_protein_insects_algae;active_sediment_management;regional_nitrogen_policies;mental_health_ai;ocean_alkalinity_enhancement;sediment_management_phosphorus;desalination_advanced;aquifer_mapping_ai;ecosystem_restoration_nitrogen;enhanced_ubi;local_resilience_networks;mech_interp_advanced;defensive_ai;strategic_grain_reserves;soil_health_restoration;struvite_recovery;precision_agriculture;nitrogen_monitoring_networks;algae_nutrient_capture;integrated_nutrient_management;pfas_remediation;ecological_proxy_rewilding;food_waste_reduction;coral_restoration_advanced;global_pfas_ban;habitat_restoration;emergency_greenhouse_networks;alternative_protein_insects;grid_batteries;smart_grids;green_chemistry;plastic_production_phaseout;microplastic_capture;endocrine_disruptor_removal;chemical_recycling;purpose_networks_advanced;education_personalization;precision_conservation;invasive_species_control;marine_cloud_brightening;bioenergy_ccs;emergency_food_distribution_ai;drought_resistant_crops;pesticide_alternatives;vertical_farming;precision_fermentation;atmospheric_water_harvest;solar_5th_gen;geothermal_advanced;hydrogen_economy;plastic_eating_enzymes;green_chemistry_substitution;nanomaterial_safety;rare_earth_recycling;ai_community_matching;creative_empowerment_tools;democratic_ai_governance;scalable_oversight;stratospheric_aerosols;green_ammonia_production;personalized_medicine;longevity_basic;artificial_upwelling;fusion_materials;fusion_plasma_control;membrane_cascade_systems;ecosystem_management_ai;disease_elimination_basic;regenerative_medicine;fusion_power;biomimetic_filtration;photocatalytic_degradation;formal_verification;value_learning;ai_rights_framework;recursive_alignment;interspecies_communication;advanced_longevity;space_industrialization;molecular_nanotechnology;whole_brain_emulation",0.000000,0.000000,0.000000,0.149436,0.000000,0.000000,0.000000,3,0.000000,0.00,0.000000,0.000000,0.000000,0.000000,0,"",0.000000,0.000000
95,103,"rlhf_basic;mech_interp_basic;adversarial_eval;direct_air_capture;ai_pollution_remediation;collective_purpose_networks;ai_diagnostics;mrna_vaccines;solar_4th_gen;offshore_wind;ai_power_efficiency_communication;soil_p_optimization;p_efficient_cultivars;circular_food_systems;biological_nitrogen_fixation;nitrogen_circular_food;rhizosphere_engineering;nitroplast_integration;precision_fermentation_nitrogen;cold_tolerant_crops;phytoremediation_nitrogen;phytoremediation_networks;alternative_protein_insects_algae;active_sediment_management;regional_nitrogen_policies;mental_health_ai;ocean_alkalinity_enhancement;sediment_management_phosphorus;desalination_advanced;aquifer_mapping_ai;ecosystem_restoration_nitrogen;enhanced_ubi;local_resilience_networks;mech_interp_advanced;defensive_ai;strategic_grain_reserves;soil_health_restoration;struvite_recovery;precision_agriculture;nitrogen_monitoring_networks;algae_nutrient_capture;integrated_nutrient_management;pfas_remediation;ecological_proxy_rewilding;food_waste_reduction;coral_restoration_advanced;global_pfas_ban;habitat_restoration;emergency_greenhouse_networks;alternative_protein_insects;grid_batteries;smart_grids;green_chemistry;plastic_production_phaseout;microplastic_capture;endocrine_disruptor_removal;chemical_recycling;purpose_networks_advanced;education_personalization;precision_conservation;invasive_species_control;marine_cloud_brightening;bioenergy_ccs;emergency_food_distribution_ai;drought_resistant_crops;pesticide_alternatives;vertical_farming;precision_fermentation;atmospheric_water_harvest;solar_5th_gen;geothermal_advanced;hydrogen_economy;plastic_eating_enzymes;green_chemistry_substitution;nanomaterial_safety;rare_earth_recycling;ai_community_matching;creative_empowerment_tools;democratic_ai_governance;scalable_oversight;stratospheric_aerosols;green_ammonia_production;personalized_medicine;longevity_basic;artificial_upwelling;fusion_materials;fusion_plasma_control;membrane_cascade_systems;ecosystem_management_ai;disease_elimination_basic;regenerative_medicine;fusion_power;biomimetic_filtration;photocatalytic_degradation;formal_verification;value_learning;ai_rights_framework;recursive_alignment;interspecies_communication;advanced_longevity;space_industrialization;molecular_nanotechnology;whole_brain_emulation",0.000000,0.000000,0.000000,0.151583,0.000000,0.000000,0.000000,3,0.000000,0.00,0.000000,0.000000,0.000000,0.000000,0,"",0.000000,0.000000
96,103,"rlhf_basic;mech_interp_basic;adversarial_eval;direct_air_capture;ai_pollution_remediation;collective_purpose_networks;ai_diagnostics;mrna_vaccines;solar_4th_gen;offshore_wind;ai_power_efficiency_communication;soil_p_optimization;p_efficient_cultivars;circular_food_systems;biological_nitrogen_fixation;nitrogen_circular_food;rhizosphere_engineering;nitroplast_integration;precision_fermentation_nitrogen;cold_tolerant_crops;phytoremediation_nitrogen;phytoremediation_networks;alternative_protein_insects_algae;active_sediment_management;regional_nitrogen_policies;mental_health_ai;ocean_alkalinity_enhancement;sediment_management_phosphorus;desalination_advanced;aquifer_mapping_ai;ecosystem_restoration_nitrogen;enhanced_ubi;local_resilience_networks;mech_interp_advanced;defensive_ai;strategic_grain_reserves;soil_health_restoration;struvite_recovery;precision_agriculture;nitrogen_monitoring_networks;algae_nutrient_capture;integrated_nutrient_management;pfas_remediation;ecological_proxy_rewilding;food_waste_reduction;coral_restoration_advanced;global_pfas_ban;habitat_restoration;emergency_greenhouse_networks;alternative_protein_insects;grid_batteries;smart_grids;green_chemistry;plastic_production_phaseout;microplastic_capture;endocrine_disruptor_removal;chemical_recycling;purpose_networks_advanced;education_personalization;precision_conservation;invasive_species_control;marine_cloud_brightening;bioenergy_ccs;emergency_food_distribution_ai;drought_resistant_crops;pesticide_alternatives;vertical_farming;precision_fermentation;atmospheric_water_harvest;solar_5th_gen;geothermal_advanced;hydrogen_economy;plastic_eating_enzymes;green_chemistry_substitution;nanomaterial_safety;rare_earth_recycling;ai_community_matching;creative_empowerment_tools;democratic_ai_governance;scalable_oversight;stratospheric_aerosols;green_ammonia_production;personalized_medicine;longevity_basic;artificial_upwelling;fusion_materials;fusion_plasma_control;membrane_cascade_systems;ecosystem_management_ai;disease_elimination_basic;regenerative_medicine;fusion_power;biomimetic_filtration;photocatalytic_degradation;formal_verification;value_learning;ai_rights_framework;recursive_alignment;interspecies_communication;advanced_longevity;space_industrialization;molecular_nanotechnology;whole_brain_emulation",0.000000,0.000000,0.000000,0.153762,0.000000,0.000000,0.000000,3,0.000000,0.00,0.000000,0.000000,0.000000,0.000000,0,"",0.000000,0.000000
97,103,"rlhf_basic;mech_interp_basic;adversarial_eval;direct_air_capture;ai_pollution_remediation;collective_purpose_networks;ai_diagnostics;mrna_vaccines;solar_4th_gen;offshore_wind;ai_power_efficiency_communication;soil_p_optimization;p_efficient_cultivars;circular_food_systems;biological_nitrogen_fixation;nitrogen_circular_food;rhizosphere_engineering;nitroplast_integration;precision_fermentation_nitrogen;cold_tolerant_crops;phytoremediation_nitrogen;phytoremediation_networks;alternative_protein_insects_algae;active_sediment_management;regional_nitrogen_policies;mental_health_ai;ocean_alkalinity_enhancement;sediment_management_phosphorus;desalination_advanced;aquifer_mapping_ai;ecosystem_restoration_nitrogen;enhanced_ubi;local_resilience_networks;mech_interp_advanced;defensive_ai;strategic_grain_reserves;soil_health_restoration;struvite_recovery;precision_agriculture;nitrogen_monitoring_networks;algae_nutrient_capture;integrated_nutrient_management;pfas_remediation;ecological_proxy_rewilding;food_waste_reduction;coral_restoration_advanced;global_pfas_ban;habitat_restoration;emergency_greenhouse_networks;alternative_protein_insects;grid_batteries;smart_grids;green_chemistry;plastic_production_phaseout;microplastic_capture;endocrine_disruptor_removal;chemical_recycling;purpose_networks_advanced;education_personalization;precision_conservation;invasive_species_control;marine_cloud_brightening;bioenergy_ccs;emergency_food_distribution_ai;drought_resistant_crops;pesticide_alternatives;vertical_farming;precision_fermentation;atmospheric_water_harvest;solar_5th_gen;geothermal_advanced;hydrogen_economy;plastic_eating_enzymes;green_chemistry_substitution;nanomaterial_safety;rare_earth_recycling;ai_community_matching;creative_empowerment_tools;democratic_ai_governance;scalable_oversight;stratospheric_aerosols;green_ammonia_production;personalized_medicine;longevity_basic;artificial_upwelling;fusion_materials;fusion_plasma_control;membrane_cascade_systems;ecosystem_management_ai;disease_elimination_basic;regenerative_medicine;fusion_power;biomimetic_filtration;photocatalytic_degradation;formal_verification;value_learning;ai_rights_framework;recursive_alignment;interspecies_communication;advanced_longevity;space_industrialization;molecular_nanotechnology;whole_brain_emulation",0.000000,0.000000,0.000000,0.155975,0.000000,0.000000,0.000000,3,0.000000,0.00,0.000000,0.000000,0.000000,0.000000,0,"",0.000000,0.000000
98,103,"rlhf_basic;mech_interp_basic;adversarial_eval;direct_air_capture;ai_pollution_remediation;collective_purpose_networks;ai_diagnostics;mrna_vaccines;solar_4th_gen;offshore_wind;ai_power_efficiency_communication;soil_p_optimization;p_efficient_cultivars;circular_food_systems;biological_nitrogen_fixation;nitrogen_circular_food;rhizosphere_engineering;nitroplast_integration;precision_fermentation_nitrogen;cold_tolerant_crops;phytoremediation_nitrogen;phytoremediation_networks;alternative_protein_insects_algae;active_sediment_management;regional_nitrogen_policies;mental_health_ai;ocean_alkalinity_enhancement;sediment_management_phosphorus;desalination_advanced;aquifer_mapping_ai;ecosystem_restoration_nitrogen;enhanced_ubi;local_resilience_networks;mech_interp_advanced;defensive_ai;strategic_grain_reserves;soil_health_restoration;struvite_recovery;precision_agriculture;nitrogen_monitoring_networks;algae_nutrient_capture;integrated_nutrient_management;pfas_remediation;ecological_proxy_rewilding;food_waste_reduction;coral_restoration_advanced;global_pfas_ban;habitat_restoration;emergency_greenhouse_networks;alternative_protein_insects;grid_batteries;smart_grids;green_chemistry;plastic_production_phaseout;microplastic_capture;endocrine_disruptor_removal;chemical_recycling;purpose_networks_advanced;education_personalization;precision_conservation;invasive_species_control;marine_cloud_brightening;bioenergy_ccs;emergency_food_distribution_ai;drought_resistant_crops;pesticide_alternatives;vertical_farming;precision_fermentation;atmospheric_water_harvest;solar_5th_gen;geothermal_advanced;hydrogen_economy;plastic_eating_enzymes;green_chemistry_substitution;nanomaterial_safety;rare_earth_recycling;ai_community_matching;creative_empowerment_tools;democratic_ai_governance;scalable_oversight;stratospheric_aerosols;green_ammonia_production;personalized_medicine;longevity_basic;artificial_upwelling;fusion_materials;fusion_plasma_control;membrane_cascade_systems;ecosystem_management_ai;disease_elimination_basic;regenerative_medicine;fusion_power;biomimetic_filtration;photocatalytic_degradation;formal_verification;value_learning;ai_rights_framework;recursive_alignment;interspecies_communication;advanced_longevity;space_industrialization;molecular_nanotechnology;whole_brain_emulation",0.000000,0.000000,0.000000,0.158223,0.000000,0.000000,0.000000,3,0.000000,0.00,0.000000,0.000000,0.000000,0.000000,0,"",0.000000,0.000000
99,103,"rlhf_basic;mech_interp_basic;adversarial_eval;direct_air_capture;ai_pollution_remediation;collective_purpose_networks;ai_diagnostics;mrna_vaccines;solar_4th_gen;offshore_wind;ai_power_efficiency_communication;soil_p_optimization;p_efficient_cultivars;circular_food_systems;biological_nitrogen_fixation;nitrogen_circular_food;rhizosphere_engineering;nitroplast_integration;precision_fermentation_nitrogen;cold_tolerant_crops;phytoremediation_nitrogen;phytoremediation_networks;alternative_protein_insects_algae;active_sediment_management;regional_nitrogen_policies;mental_health_ai;ocean_alkalinity_enhancement;sediment_management_phosphorus;desalination_advanced;aquifer_mapping_ai;ecosystem_restoration_nitrogen;enhanced_ubi;local_resilience_networks;mech_interp_advanced;defensive_ai;strategic_grain_reserves;soil_health_restoration;struvite_recovery;precision_agriculture;nitrogen_monitoring_networks;algae_nutrient_capture;integrated_nutrient_management;pfas_remediation;ecological_proxy_rewilding;food_waste_reduction;coral_restoration_advanced;global_pfas_ban;habitat_restoration;emergency_greenhouse_networks;alternative_protein_insects;grid_batteries;smart_grids;green_chemistry;plastic_production_phaseout;microplastic_capture;endocrine_disruptor_removal;chemical_recycling;purpose_networks_advanced;education_personalization;precision_conservation;invasive_species_control;marine_cloud_brightening;bioenergy_ccs;emergency_food_distribution_ai;drought_resistant_crops;pesticide_alternatives;vertical_farming;precision_fermentation;atmospheric_water_harvest;solar_5th_gen;geothermal_advanced;hydrogen_economy;plastic_eating_enzymes;green_chemistry_substitution;nanomaterial_safety;rare_earth_recycling;ai_community_matching;creative_empowerment_tools;democratic_ai_governance;scalable_oversight;stratospheric_aerosols;green_ammonia_production;personalized_medicine;longevity_basic;artificial_upwelling;fusion_materials;fusion_plasma_control;membrane_cascade_systems;ecosystem_management_ai;disease_elimination_basic;regenerative_medicine;fusion_power;biomimetic_filtration;photocatalytic_degradation;formal_verification;value_learning;ai_rights_framework;recursive_alignment;interspecies_communication;advanced_longevity;space_industrialization;molecular_nanotechnology;whole_brain_emulation",0.000000,0.000000,0.000000,0.160504,0.000000,0.000000,0.000000,3,0.000000,0.00,0.000000,0.000000,0.000000,0.000000,0,"",0.000000,0.000000
100,103,"rlhf_basic;mech_interp_basic;adversarial_eval;direct_air_capture;ai_pollution_remediation;collective_purpose_networks;ai_diagnostics;mrna_vaccines;solar_4th_gen;offshore_wind;ai_power_efficiency_communication;soil_p_optimization;p_efficient_cultivars;circular_food_systems;biological_nitrogen_fixation;nitrogen_circular_food;rhizosphere_engineering;nitroplast_integration;precision_fermentation_nitrogen;cold_tolerant_crops;phytoremediation_nitrogen;phytoremediation_networks;alternative_protein_insects_algae;active_sediment_management;regional_nitrogen_policies;mental_health_ai;ocean_alkalinity_enhancement;sediment_management_phosphorus;desalination_advanced;aquifer_mapping_ai;ecosystem_restoration_nitrogen;enhanced_ubi;local_resilience_networks;mech_interp_advanced;defensive_ai;strategic_grain_reserves;soil_health_restoration;struvite_recovery;precision_agriculture;nitrogen_monitoring_networks;algae_nutrient_capture;integrated_nutrient_management;pfas_remediation;ecological_proxy_rewilding;food_waste_reduction;coral_restoration_advanced;global_pfas_ban;habitat_restoration;emergency_greenhouse_networks;alternative_protein_insects;grid_batteries;smart_grids;green_chemistry;plastic_production_phaseout;microplastic_capture;endocrine_disruptor_removal;chemical_recycling;purpose_networks_advanced;education_personalization;precision_conservation;invasive_species_control;marine_cloud_brightening;bioenergy_ccs;emergency_food_distribution_ai;drought_resistant_crops;pesticide_alternatives;vertical_farming;precision_fermentation;atmospheric_water_harvest;solar_5th_gen;geothermal_advanced;hydrogen_economy;plastic_eating_enzymes;green_chemistry_substitution;nanomaterial_safety;rare_earth_recycling;ai_community_matching;creative_empowerment_tools;democratic_ai_governance;scalable_oversight;stratospheric_aerosols;green_ammonia_production;personalized_medicine;longevity_basic;artificial_upwelling;fusion_materials;fusion_plasma_control;membrane_cascade_systems;ecosystem_management_ai;disease_elimination_basic;regenerative_medicine;fusion_power;biomimetic_filtration;photocatalytic_degradation;formal_verification;value_learning;ai_rights_framework;recursive_alignment;interspecies_communication;advanced_longevity;space_industrialization;molecular_nanotechnology;whole_brain_emulation",0.000000,0.000000,0.000000,0.162821,0.000000,0.000000,0.000000,3,0.000000,0.00,0.000000,0.000000,0.000000,0.000000,0,"",0.000000,0.000000
101,103,"rlhf_basic;mech_interp_basic;adversarial_eval;direct_air_capture;ai_pollution_remediation;collective_purpose_networks;ai_diagnostics;mrna_vaccines;solar_4th_gen;offshore_wind;ai_power_efficiency_communication;soil_p_optimization;p_efficient_cultivars;circular_food_systems;biological_nitrogen_fixation;nitrogen_circular_food;rhizosphere_engineering;nitroplast_integration;precision_fermentation_nitrogen;cold_tolerant_crops;phytoremediation_nitrogen;phytoremediation_networks;alternative_protein_insects_algae;active_sediment_management;regional_nitrogen_policies;mental_health_ai;ocean_alkalinity_enhancement;sediment_management_phosphorus;desalination_advanced;aquifer_mapping_ai;ecosystem_restoration_nitrogen;enhanced_ubi;local_resilience_networks;mech_interp_advanced;defensive_ai;strategic_grain_reserves;soil_health_restoration;struvite_recovery;precision_agriculture;nitrogen_monitoring_networks;algae_nutrient_capture;integrated_nutrient_management;pfas_remediation;ecological_proxy_rewilding;food_waste_reduction;coral_restoration_advanced;global_pfas_ban;habitat_restoration;emergency_greenhouse_networks;alternative_protein_insects;grid_batteries;smart_grids;green_chemistry;plastic_production_phaseout;microplastic_capture;endocrine_disruptor_removal;chemical_recycling;purpose_networks_advanced;education_personalization;precision_conservation;invasive_species_control;marine_cloud_brightening;bioenergy_ccs;emergency_food_distribution_ai;drought_resistant_crops;pesticide_alternatives;vertical_farming;precision_fermentation;atmospheric_water_harvest;solar_5th_gen;geothermal_advanced;hydrogen_economy;plastic_eating_enzymes;green_chemistry_substitution;nanomaterial_safety;rare_earth_recycling;ai_community_matching;creative_empowerment_tools;democratic_ai_governance;scalable_oversight;stratospheric_aerosols;green_ammonia_production;personalized_medicine;longevity_basic;artificial_upwelling;fusion_materials;fusion_plasma_control;membrane_cascade_systems;ecosystem_management_ai;disease_elimination_basic;regenerative_medicine;fusion_power;biomimetic_filtration;photocatalytic_degradation;formal_verification;value_learning;ai_rights_framework;recursive_alignment;interspecies_communication;advanced_longevity;space_industrialization;molecular_nanotechnology;whole_brain_emulation",0.000000,0.000000,0.000000,0.165174,0.000000,0.000000,0.000000,3,0.000000,0.00,0.000000,0.000000,0.000000,0.000000,0,"",0.000000,0.000000
102,103,"rlhf_basic;mech_interp_basic;adversarial_eval;direct_air_capture;ai_pollution_remediation;collective_purpose_networks;ai_diagnostics;mrna_vaccines;solar_4th_gen;offshore_wind;ai_power_efficiency_communication;soil_p_optimization;p_efficient_cultivars;circular_food_systems;biological_nitrogen_fixation;nitrogen_circular_food;rhizosphere_engineering;nitroplast_integration;precision_fermentation_nitrogen;cold_tolerant_crops;phytoremediation_nitrogen;phytoremediation_networks;alternative_protein_insects_algae;active_sediment_management;regional_nitrogen_policies;mental_health_ai;ocean_alkalinity_enhancement;sediment_management_phosphorus;desalination_advanced;aquifer_mapping_ai;ecosystem_restoration_nitrogen;enhanced_ubi;local_resilience_networks;mech_interp_advanced;defensive_ai;strategic_grain_reserves;soil_health_restoration;struvite_recovery;precision_agriculture;nitrogen_monitoring_networks;algae_nutrient_capture;integrated_nutrient_management;pfas_remediation;ecological_proxy_rewilding;food_waste_reduction;coral_restoration_advanced;global_pfas_ban;habitat_restoration;emergency_greenhouse_networks;alternative_protein_insects;grid_batteries;smart_grids;green_chemistry;plastic_production_phaseout;microplastic_capture;endocrine_disruptor_removal;chemical_recycling;purpose_networks_advanced;education_personalization;precision_conservation;invasive_species_control;marine_cloud_brightening;bioenergy_ccs;emergency_food_distribution_ai;drought_resistant_crops;pesticide_alternatives;vertical_farming;precision_fermentation;atmospheric_water_harvest;solar_5th_gen;geothermal_advanced;hydrogen_economy;plastic_eating_enzymes;green_chemistry_substitution;nanomaterial_safety;rare_earth_recycling;ai_community_matching;creative_empowerment_tools;democratic_ai_governance;scalable_oversight;stratospheric_aerosols;green_ammonia_production;personalized_medicine;longevity_basic;artificial_upwelling;fusion_materials;fusion_plasma_control;membrane_cascade_systems;ecosystem_management_ai;disease_elimination_basic;regenerative_medicine;fusion_power;biomimetic_filtration;photocatalytic_degradation;formal_verification;value_learning;ai_rights_framework;recursive_alignment;interspecies_communication;advanced_longevity;space_industrialization;molecular_nanotechnology;whole_brain_emulation",0.000000,0.000000,0.000000,0.167562,0.000000,0.000000,0.000000,3,0.000000,0.00,0.000000,0.000000,0.000000,0.000000,0,"",0.000000,0.000000
103,103,"rlhf_basic;mech_interp_basic;adversarial_eval;direct_air_capture;ai_pollution_remediation;collective_purpose_networks;ai_diagnostics;mrna_vaccines;solar_4th_gen;offshore_wind;ai_power_efficiency_communication;soil_p_optimization;p_efficient_cultivars;circular_food_systems;biological_nitrogen_fixation;nitrogen_circular_food;rhizosphere_engineering;nitroplast_integration;precision_fermentation_nitrogen;cold_tolerant_crops;phytoremediation_nitrogen;phytoremediation_networks;alternative_protein_insects_algae;active_sediment_management;regional_nitrogen_policies;mental_health_ai;ocean_alkalinity_enhancement;sediment_management_phosphorus;desalination_advanced;aquifer_mapping_ai;ecosystem_restoration_nitrogen;enhanced_ubi;local_resilience_networks;mech_interp_advanced;defensive_ai;strategic_grain_reserves;soil_health_restoration;struvite_recovery;precision_agriculture;nitrogen_monitoring_networks;algae_nutrient_capture;integrated_nutrient_management;pfas_remediation;ecological_proxy_rewilding;food_waste_reduction;coral_restoration_advanced;global_pfas_ban;habitat_restoration;emergency_greenhouse_networks;alternative_protein_insects;grid_batteries;smart_grids;green_chemistry;plastic_production_phaseout;microplastic_capture;endocrine_disruptor_removal;chemical_recycling;purpose_networks_advanced;education_personalization;precision_conservation;invasive_species_control;marine_cloud_brightening;bioenergy_ccs;emergency_food_distribution_ai;drought_resistant_crops;pesticide_alternatives;vertical_farming;precision_fermentation;atmospheric_water_harvest;solar_5th_gen;geothermal_advanced;hydrogen_economy;plastic_eating_enzymes;green_chemistry_substitution;nanomaterial_safety;rare_earth_recycling;ai_community_matching;creative_empowerment_tools;democratic_ai_governance;scalable_oversight;stratospheric_aerosols;green_ammonia_production;personalized_medicine;longevity_basic;artificial_upwelling;fusion_materials;fusion_plasma_control;membrane_cascade_systems;ecosystem_management_ai;disease_elimination_basic;regenerative_medicine;fusion_power;biomimetic_filtration;photocatalytic_degradation;formal_verification;value_learning;ai_rights_framework;recursive_alignment;interspecies_communication;advanced_longevity;space_industrialization;molecular_nanotechnology;whole_brain_emulation",0.000000,0.000000,0.000000,0.169987,0.000000,0.000000,0.000000,3,0.000000,0.00,0.000000,0.000000,0.000000,0.000000,0,"",0.000000,0.000000
104,103,"rlhf_basic;mech_interp_basic;adversarial_eval;direct_air_capture;ai_pollution_remediation;collective_purpose_networks;ai_diagnostics;mrna_vaccines;solar_4th_gen;offshore_wind;ai_power_efficiency_communication;soil_p_optimization;p_efficient_cultivars;circular_food_systems;biological_nitrogen_fixation;nitrogen_circular_food;rhizosphere_engineering;nitroplast_integration;precision_fermentation_nitrogen;cold_tolerant_crops;phytoremediation_nitrogen;phytoremediation_networks;alternative_protein_insects_algae;active_sediment_management;regional_nitrogen_policies;mental_health_ai;ocean_alkalinity_enhancement;sediment_management_phosphorus;desalination_advanced;aquifer_mapping_ai;ecosystem_restoration_nitrogen;enhanced_ubi;local_resilience_networks;mech_interp_advanced;defensive_ai;strategic_grain_reserves;soil_health_restoration;struvite_recovery;precision_agriculture;nitrogen_monitoring_networks;algae_nutrient_capture;integrated_nutrient_management;pfas_remediation;ecological_proxy_rewilding;food_waste_reduction;coral_restoration_advanced;global_pfas_ban;habitat_restoration;emergency_greenhouse_networks;alternative_protein_insects;grid_batteries;smart_grids;green_chemistry;plastic_production_phaseout;microplastic_capture;endocrine_disruptor_removal;chemical_recycling;purpose_networks_advanced;education_personalization;precision_conservation;invasive_species_control;marine_cloud_brightening;bioenergy_ccs;emergency_food_distribution_ai;drought_resistant_crops;pesticide_alternatives;vertical_farming;precision_fermentation;atmospheric_water_harvest;solar_5th_gen;geothermal_advanced;hydrogen_economy;plastic_eating_enzymes;green_chemistry_substitution;nanomaterial_safety;rare_earth_recycling;ai_community_matching;creative_empowerment_tools;democratic_ai_governance;scalable_oversight;stratospheric_aerosols;green_ammonia_production;personalized_medicine;longevity_basic;artificial_upwelling;fusion_materials;fusion_plasma_control;membrane_cascade_systems;ecosystem_management_ai;disease_elimination_basic;regenerative_medicine;fusion_power;biomimetic_filtration;photocatalytic_degradation;formal_verification;value_learning;ai_rights_framework;recursive_alignment;interspecies_communication;advanced_longevity;space_industrialization;molecular_nanotechnology;whole_brain_emulation",0.000000,0.000000,0.000000,0.172449,0.000000,0.000000,0.000000,3,0.000000,0.00,0.000000,0.000000,0.000000,0.000000,0,"",0.000000,0.000000
105,103,"rlhf_basic;mech_interp_basic;adversarial_eval;direct_air_capture;ai_pollution_remediation;collective_purpose_networks;ai_diagnostics;mrna_vaccines;solar_4th_gen;offshore_wind;ai_power_efficiency_communication;soil_p_optimization;p_efficient_cultivars;circular_food_systems;biological_nitrogen_fixation;nitrogen_circular_food;rhizosphere_engineering;nitroplast_integration;precision_fermentation_nitrogen;cold_tolerant_crops;phytoremediation_nitrogen;phytoremediation_networks;alternative_protein_insects_algae;active_sediment_management;regional_nitrogen_policies;mental_health_ai;ocean_alkalinity_enhancement;sediment_management_phosphorus;desalination_advanced;aquifer_mapping_ai;ecosystem_restoration_nitrogen;enhanced_ubi;local_resilience_networks;mech_interp_advanced;defensive_ai;strategic_grain_reserves;soil_health_restoration;struvite_recovery;precision_agriculture;nitrogen_monitoring_networks;algae_nutrient_capture;integrated_nutrient_management;pfas_remediation;ecological_proxy_rewilding;food_waste_reduction;coral_restoration_advanced;global_pfas_ban;habitat_restoration;emergency_greenhouse_networks;alternative_protein_insects;grid_batteries;smart_grids;green_chemistry;plastic_production_phaseout;microplastic_capture;endocrine_disruptor_removal;chemical_recycling;purpose_networks_advanced;education_personalization;precision_conservation;invasive_species_control;marine_cloud_brightening;bioenergy_ccs;emergency_food_distribution_ai;drought_resistant_crops;pesticide_alternatives;vertical_farming;precision_fermentation;atmospheric_water_harvest;solar_5th_gen;geothermal_advanced;hydrogen_economy;plastic_eating_enzymes;green_chemistry_substitution;nanomaterial_safety;rare_earth_recycling;ai_community_matching;creative_empowerment_tools;democratic_ai_governance;scalable_oversight;stratospheric_aerosols;green_ammonia_production;personalized_medicine;longevity_basic;artificial_upwelling;fusion_materials;fusion_plasma_control;membrane_cascade_systems;ecosystem_management_ai;disease_elimination_basic;regenerative_medicine;fusion_power;biomimetic_filtration;photocatalytic_degradation;formal_verification;value_learning;ai_rights_framework;recursive_alignment;interspecies_communication;advanced_longevity;space_industrialization;molecular_nanotechnology;whole_brain_emulation",0.000000,0.000000,0.000000,0.174947,0.000000,0.000000,0.000000,2,0.000000,0.00,0.000000,0.000000,0.000000,0.000000,0,"",0.000000,0.000000
106,103,"rlhf_basic;mech_interp_basic;adversarial_eval;direct_air_capture;ai_pollution_remediation;collective_purpose_networks;ai_diagnostics;mrna_vaccines;solar_4th_gen;offshore_wind;ai_power_efficiency_communication;soil_p_optimization;p_efficient_cultivars;circular_food_systems;biological_nitrogen_fixation;nitrogen_circular_food;rhizosphere_engineering;nitroplast_integration;precision_fermentation_nitrogen;cold_tolerant_crops;phytoremediation_nitrogen;phytoremediation_networks;alternative_protein_insects_algae;active_sediment_management;regional_nitrogen_policies;mental_health_ai;ocean_alkalinity_enhancement;sediment_management_phosphorus;desalination_advanced;aquifer_mapping_ai;ecosystem_restoration_nitrogen;enhanced_ubi;local_resilience_networks;mech_interp_advanced;defensive_ai;strategic_grain_reserves;soil_health_restoration;struvite_recovery;precision_agriculture;nitrogen_monitoring_networks;algae_nutrient_capture;integrated_nutrient_management;pfas_remediation;ecological_proxy_rewilding;food_waste_reduction;coral_restoration_advanced;global_pfas_ban;habitat_restoration;emergency_greenhouse_networks;alternative_protein_insects;grid_batteries;smart_grids;green_chemistry;plastic_production_phaseout;microplastic_capture;endocrine_disruptor_removal;chemical_recycling;purpose_networks_advanced;education_personalization;precision_conservation;invasive_species_control;marine_cloud_brightening;bioenergy_ccs;emergency_food_distribution_ai;drought_resistant_crops;pesticide_alternatives;vertical_farming;precision_fermentation;atmospheric_water_harvest;solar_5th_gen;geothermal_advanced;hydrogen_economy;plastic_eating_enzymes;green_chemistry_substitution;nanomaterial_safety;rare_earth_recycling;ai_community_matching;creative_empowerment_tools;democratic_ai_governance;scalable_oversight;stratospheric_aerosols;green_ammonia_production;personalized_medicine;longevity_basic;artificial_upwelling;fusion_materials;fusion_plasma_control;membrane_cascade_systems;ecosystem_management_ai;disease_elimination_basic;regenerative_medicine;fusion_power;biomimetic_filtration;photocatalytic_degradation;formal_verification;value_learning;ai_rights_framework;recursive_alignment;interspecies_communication;advanced_longevity;space_industrialization;molecular_nanotechnology;whole_brain_emulation",0.000000,0.000000,0.000000,0.177484,0.000000,0.000000,0.000000,2,0.000000,0.00,0.000000,0.000000,0.000000,0.000000,0,"",0.000000,0.000000
107,103,"rlhf_basic;mech_interp_basic;adversarial_eval;direct_air_capture;ai_pollution_remediation;collective_purpose_networks;ai_diagnostics;mrna_vaccines;solar_4th_gen;offshore_wind;ai_power_efficiency_communication;soil_p_optimization;p_efficient_cultivars;circular_food_systems;biological_nitrogen_fixation;nitrogen_circular_food;rhizosphere_engineering;nitroplast_integration;precision_fermentation_nitrogen;cold_tolerant_crops;phytoremediation_nitrogen;phytoremediation_networks;alternative_protein_insects_algae;active_sediment_management;regional_nitrogen_policies;mental_health_ai;ocean_alkalinity_enhancement;sediment_management_phosphorus;desalination_advanced;aquifer_mapping_ai;ecosystem_restoration_nitrogen;enhanced_ubi;local_resilience_networks;mech_interp_advanced;defensive_ai;strategic_grain_reserves;soil_health_restoration;struvite_recovery;precision_agriculture;nitrogen_monitoring_networks;algae_nutrient_capture;integrated_nutrient_management;pfas_remediation;ecological_proxy_rewilding;food_waste_reduction;coral_restoration_advanced;global_pfas_ban;habitat_restoration;emergency_greenhouse_networks;alternative_protein_insects;grid_batteries;smart_grids;green_chemistry;plastic_production_phaseout;microplastic_capture;endocrine_disruptor_removal;chemical_recycling;purpose_networks_advanced;education_personalization;precision_conservation;invasive_species_control;marine_cloud_brightening;bioenergy_ccs;emergency_food_distribution_ai;drought_resistant_crops;pesticide_alternatives;vertical_farming;precision_fermentation;atmospheric_water_harvest;solar_5th_gen;geothermal_advanced;hydrogen_economy;plastic_eating_enzymes;green_chemistry_substitution;nanomaterial_safety;rare_earth_recycling;ai_community_matching;creative_empowerment_tools;democratic_ai_governance;scalable_oversight;stratospheric_aerosols;green_ammonia_production;personalized_medicine;longevity_basic;artificial_upwelling;fusion_materials;fusion_plasma_control;membrane_cascade_systems;ecosystem_management_ai;disease_elimination_basic;regenerative_medicine;fusion_power;biomimetic_filtration;photocatalytic_degradation;formal_verification;value_learning;ai_rights_framework;recursive_alignment;interspecies_communication;advanced_longevity;space_industrialization;molecular_nanotechnology;whole_brain_emulation",0.000000,0.000000,0.000000,0.180058,0.000000,0.000000,0.000000,2,0.000000,0.00,0.000000,0.000000,0.000000,0.000000,0,"",0.000000,0.000000
108,103,"rlhf_basic;mech_interp_basic;adversarial_eval;direct_air_capture;ai_pollution_remediation;collective_purpose_networks;ai_diagnostics;mrna_vaccines;solar_4th_gen;offshore_wind;ai_power_efficiency_communication;soil_p_optimization;p_efficient_cultivars;circular_food_systems;biological_nitrogen_fixation;nitrogen_circular_food;rhizosphere_engineering;nitroplast_integration;precision_fermentation_nitrogen;cold_tolerant_crops;phytoremediation_nitrogen;phytoremediation_networks;alternative_protein_insects_algae;active_sediment_management;regional_nitrogen_policies;mental_health_ai;ocean_alkalinity_enhancement;sediment_management_phosphorus;desalination_advanced;aquifer_mapping_ai;ecosystem_restoration_nitrogen;enhanced_ubi;local_resilience_networks;mech_interp_advanced;defensive_ai;strategic_grain_reserves;soil_health_restoration;struvite_recovery;precision_agriculture;nitrogen_monitoring_networks;algae_nutrient_capture;integrated_nutrient_management;pfas_remediation;ecological_proxy_rewilding;food_waste_reduction;coral_restoration_advanced;global_pfas_ban;habitat_restoration;emergency_greenhouse_networks;alternative_protein_insects;grid_batteries;smart_grids;green_chemistry;plastic_production_phaseout;microplastic_capture;endocrine_disruptor_removal;chemical_recycling;purpose_networks_advanced;education_personalization;precision_conservation;invasive_species_control;marine_cloud_brightening;bioenergy_ccs;emergency_food_distribution_ai;drought_resistant_crops;pesticide_alternatives;vertical_farming;precision_fermentation;atmospheric_water_harvest;solar_5th_gen;geothermal_advanced;hydrogen_economy;plastic_eating_enzymes;green_chemistry_substitution;nanomaterial_safety;rare_earth_recycling;ai_community_matching;creative_empowerment_tools;democratic_ai_governance;scalable_oversight;stratospheric_aerosols;green_ammonia_production;personalized_medicine;longevity_basic;artificial_upwelling;fusion_materials;fusion_plasma_control;membrane_cascade_systems;ecosystem_management_ai;disease_elimination_basic;regenerative_medicine;fusion_power;biomimetic_filtration;photocatalytic_degradation;formal_verification;value_learning;ai_rights_framework;recursive_alignment;interspecies_communication;advanced_longevity;space_industrialization;molecular_nanotechnology;whole_brain_emulation",0.000000,0.000000,0.000000,0.182671,0.000000,0.000000,0.000000,2,0.000000,0.00,0.000000,0.000000,0.000000,0.000000,0,"",0.000000,0.000000
109,103,"rlhf_basic;mech_interp_basic;adversarial_eval;direct_air_capture;ai_pollution_remediation;collective_purpose_networks;ai_diagnostics;mrna_vaccines;solar_4th_gen;offshore_wind;ai_power_efficiency_communication;soil_p_optimization;p_efficient_cultivars;circular_food_systems;biological_nitrogen_fixation;nitrogen_circular_food;rhizosphere_engineering;nitroplast_integration;precision_fermentation_nitrogen;cold_tolerant_crops;phytoremediation_nitrogen;phytoremediation_networks;alternative_protein_insects_algae;active_sediment_management;regional_nitrogen_policies;mental_health_ai;ocean_alkalinity_enhancement;sediment_management_phosphorus;desalination_advanced;aquifer_mapping_ai;ecosystem_restoration_nitrogen;enhanced_ubi;local_resilience_networks;mech_interp_advanced;defensive_ai;strategic_grain_reserves;soil_health_restoration;struvite_recovery;precision_agriculture;nitrogen_monitoring_networks;algae_nutrient_capture;integrated_nutrient_management;pfas_remediation;ecological_proxy_rewilding;food_waste_reduction;coral_restoration_advanced;global_pfas_ban;habitat_restoration;emergency_greenhouse_networks;alternative_protein_insects;grid_batteries;smart_grids;green_chemistry;plastic_production_phaseout;microplastic_capture;endocrine_disruptor_removal;chemical_recycling;purpose_networks_advanced;education_personalization;precision_conservation;invasive_species_control;marine_cloud_brightening;bioenergy_ccs;emergency_food_distribution_ai;drought_resistant_crops;pesticide_alternatives;vertical_farming;precision_fermentation;atmospheric_water_harvest;solar_5th_gen;geothermal_advanced;hydrogen_economy;plastic_eating_enzymes;green_chemistry_substitution;nanomaterial_safety;rare_earth_recycling;ai_community_matching;creative_empowerment_tools;democratic_ai_governance;scalable_oversight;stratospheric_aerosols;green_ammonia_production;personalized_medicine;longevity_basic;artificial_upwelling;fusion_materials;fusion_plasma_control;membrane_cascade_systems;ecosystem_management_ai;disease_elimination_basic;regenerative_medicine;fusion_power;biomimetic_filtration;photocatalytic_degradation;formal_verification;value_learning;ai_rights_framework;recursive_alignment;interspecies_communication;advanced_longevity;space_industrialization;molecular_nanotechnology;whole_brain_emulation",0.000000,0.000000,0.000000,0.185323,0.000000,0.000000,0.000000,2,0.000000,0.00,0.000000,0.000000,0.000000,0.000000,0,"",0.000000,0.000000
110,103,"rlhf_basic;mech_interp_basic;adversarial_eval;direct_air_capture;ai_pollution_remediation;collective_purpose_networks;ai_diagnostics;mrna_vaccines;solar_4th_gen;offshore_wind;ai_power_efficiency_communication;soil_p_optimization;p_efficient_cultivars;circular_food_systems;biological_nitrogen_fixation;nitrogen_circular_food;rhizosphere_engineering;nitroplast_integration;precision_fermentation_nitrogen;cold_tolerant_crops;phytoremediation_nitrogen;phytoremediation_networks;alternative_protein_insects_algae;active_sediment_management;regional_nitrogen_policies;mental_health_ai;ocean_alkalinity_enhancement;sediment_management_phosphorus;desalination_advanced;aquifer_mapping_ai;ecosystem_restoration_nitrogen;enhanced_ubi;local_resilience_networks;mech_interp_advanced;defensive_ai;strategic_grain_reserves;soil_health_restoration;struvite_recovery;precision_agriculture;nitrogen_monitoring_networks;algae_nutrient_capture;integrated_nutrient_management;pfas_remediation;ecological_proxy_rewilding;food_waste_reduction;coral_restoration_advanced;global_pfas_ban;habitat_restoration;emergency_greenhouse_networks;alternative_protein_insects;grid_batteries;smart_grids;green_chemistry;plastic_production_phaseout;microplastic_capture;endocrine_disruptor_removal;chemical_recycling;purpose_networks_advanced;education_personalization;precision_conservation;invasive_species_control;marine_cloud_brightening;bioenergy_ccs;emergency_food_distribution_ai;drought_resistant_crops;pesticide_alternatives;vertical_farming;precision_fermentation;atmospheric_water_harvest;solar_5th_gen;geothermal_advanced;hydrogen_economy;plastic_eating_enzymes;green_chemistry_substitution;nanomaterial_safety;rare_earth_recycling;ai_community_matching;creative_empowerment_tools;democratic_ai_governance;scalable_oversight;stratospheric_aerosols;green_ammonia_production;personalized_medicine;longevity_basic;artificial_upwelling;fusion_materials;fusion_plasma_control;membrane_cascade_systems;ecosystem_management_ai;disease_elimination_basic;regenerative_medicine;fusion_power;biomimetic_filtration;photocatalytic_degradation;formal_verification;value_learning;ai_rights_framework;recursive_alignment;interspecies_communication;advanced_longevity;space_industrialization;molecular_nanotechnology;whole_brain_emulation",0.000000,0.000000,0.000000,0.188014,0.000000,0.000000,0.000000,2,0.000000,0.00,0.000000,0.000000,0.000000,0.000000,0,"",0.000000,0.000000
111,103,"rlhf_basic;mech_interp_basic;adversarial_eval;direct_air_capture;ai_pollution_remediation;collective_purpose_networks;ai_diagnostics;mrna_vaccines;solar_4th_gen;offshore_wind;ai_power_efficiency_communication;soil_p_optimization;p_efficient_cultivars;circular_food_systems;biological_nitrogen_fixation;nitrogen_circular_food;rhizosphere_engineering;nitroplast_integration;precision_fermentation_nitrogen;cold_tolerant_crops;phytoremediation_nitrogen;phytoremediation_networks;alternative_protein_insects_algae;active_sediment_management;regional_nitrogen_policies;mental_health_ai;ocean_alkalinity_enhancement;sediment_management_phosphorus;desalination_advanced;aquifer_mapping_ai;ecosystem_restoration_nitrogen;enhanced_ubi;local_resilience_networks;mech_interp_advanced;defensive_ai;strategic_grain_reserves;soil_health_restoration;struvite_recovery;precision_agriculture;nitrogen_monitoring_networks;algae_nutrient_capture;integrated_nutrient_management;pfas_remediation;ecological_proxy_rewilding;food_waste_reduction;coral_restoration_advanced;global_pfas_ban;habitat_restoration;emergency_greenhouse_networks;alternative_protein_insects;grid_batteries;smart_grids;green_chemistry;plastic_production_phaseout;microplastic_capture;endocrine_disruptor_removal;chemical_recycling;purpose_networks_advanced;education_personalization;precision_conservation;invasive_species_control;marine_cloud_brightening;bioenergy_ccs;emergency_food_distribution_ai;drought_resistant_crops;pesticide_alternatives;vertical_farming;precision_fermentation;atmospheric_water_harvest;solar_5th_gen;geothermal_advanced;hydrogen_economy;plastic_eating_enzymes;green_chemistry_substitution;nanomaterial_safety;rare_earth_recycling;ai_community_matching;creative_empowerment_tools;democratic_ai_governance;scalable_oversight;stratospheric_aerosols;green_ammonia_production;personalized_medicine;longevity_basic;artificial_upwelling;fusion_materials;fusion_plasma_control;membrane_cascade_systems;ecosystem_management_ai;disease_elimination_basic;regenerative_medicine;fusion_power;biomimetic_filtration;photocatalytic_degradation;formal_verification;value_learning;ai_rights_framework;recursive_alignment;interspecies_communication;advanced_longevity;space_industrialization;molecular_nanotechnology;whole_brain_emulation",0.000000,0.000000,0.000000,0.190745,0.000000,0.000000,0.000000,2,0.000000,0.00,0.000000,0.000000,0.000000,0.000000,0,"",0.000000,0.000000
112,103,"rlhf_basic;mech_interp_basic;adversarial_eval;direct_air_capture;ai_pollution_remediation;collective_purpose_networks;ai_diagnostics;mrna_vaccines;solar_4th_gen;offshore_wind;ai_power_efficiency_communication;soil_p_optimization;p_efficient_cultivars;circular_food_systems;biological_nitrogen_fixation;nitrogen_circular_food;rhizosphere_engineering;nitroplast_integration;precision_fermentation_nitrogen;cold_tolerant_crops;phytoremediation_nitrogen;phytoremediation_networks;alternative_protein_insects_algae;active_sediment_management;regional_nitrogen_policies;mental_health_ai;ocean_alkalinity_enhancement;sediment_management_phosphorus;desalination_advanced;aquifer_mapping_ai;ecosystem_restoration_nitrogen;enhanced_ubi;local_resilience_networks;mech_interp_advanced;defensive_ai;strategic_grain_reserves;soil_health_restoration;struvite_recovery;precision_agriculture;nitrogen_monitoring_networks;algae_nutrient_capture;integrated_nutrient_management;pfas_remediation;ecological_proxy_rewilding;food_waste_reduction;coral_restoration_advanced;global_pfas_ban;habitat_restoration;emergency_greenhouse_networks;alternative_protein_insects;grid_batteries;smart_grids;green_chemistry;plastic_production_phaseout;microplastic_capture;endocrine_disruptor_removal;chemical_recycling;purpose_networks_advanced;education_personalization;precision_conservation;invasive_species_control;marine_cloud_brightening;bioenergy_ccs;emergency_food_distribution_ai;drought_resistant_crops;pesticide_alternatives;vertical_farming;precision_fermentation;atmospheric_water_harvest;solar_5th_gen;geothermal_advanced;hydrogen_economy;plastic_eating_enzymes;green_chemistry_substitution;nanomaterial_safety;rare_earth_recycling;ai_community_matching;creative_empowerment_tools;democratic_ai_governance;scalable_oversight;stratospheric_aerosols;green_ammonia_production;personalized_medicine;longevity_basic;artificial_upwelling;fusion_materials;fusion_plasma_control;membrane_cascade_systems;ecosystem_management_ai;disease_elimination_basic;regenerative_medicine;fusion_power;biomimetic_filtration;photocatalytic_degradation;formal_verification;value_learning;ai_rights_framework;recursive_alignment;interspecies_communication;advanced_longevity;space_industrialization;molecular_nanotechnology;whole_brain_emulation",0.000000,0.000000,0.000000,0.193517,0.000000,0.000000,0.000000,2,0.000000,0.00,0.000000,0.000000,0.000000,0.000000,0,"",0.000000,0.000000
113,103,"rlhf_basic;mech_interp_basic;adversarial_eval;direct_air_capture;ai_pollution_remediation;collective_purpose_networks;ai_diagnostics;mrna_vaccines;solar_4th_gen;offshore_wind;ai_power_efficiency_communication;soil_p_optimization;p_efficient_cultivars;circular_food_systems;biological_nitrogen_fixation;nitrogen_circular_food;rhizosphere_engineering;nitroplast_integration;precision_fermentation_nitrogen;cold_tolerant_crops;phytoremediation_nitrogen;phytoremediation_networks;alternative_protein_insects_algae;active_sediment_management;regional_nitrogen_policies;mental_health_ai;ocean_alkalinity_enhancement;sediment_management_phosphorus;desalination_advanced;aquifer_mapping_ai;ecosystem_restoration_nitrogen;enhanced_ubi;local_resilience_networks;mech_interp_advanced;defensive_ai;strategic_grain_reserves;soil_health_restoration;struvite_recovery;precision_agriculture;nitrogen_monitoring_networks;algae_nutrient_capture;integrated_nutrient_management;pfas_remediation;ecological_proxy_rewilding;food_waste_reduction;coral_restoration_advanced;global_pfas_ban;habitat_restoration;emergency_greenhouse_networks;alternative_protein_insects;grid_batteries;smart_grids;green_chemistry;plastic_production_phaseout;microplastic_capture;endocrine_disruptor_removal;chemical_recycling;purpose_networks_advanced;education_personalization;precision_conservation;invasive_species_control;marine_cloud_brightening;bioenergy_ccs;emergency_food_distribution_ai;drought_resistant_crops;pesticide_alternatives;vertical_farming;precision_fermentation;atmospheric_water_harvest;solar_5th_gen;geothermal_advanced;hydrogen_economy;plastic_eating_enzymes;green_chemistry_substitution;nanomaterial_safety;rare_earth_recycling;ai_community_matching;creative_empowerment_tools;democratic_ai_governance;scalable_oversight;stratospheric_aerosols;green_ammonia_production;personalized_medicine;longevity_basic;artificial_upwelling;fusion_materials;fusion_plasma_control;membrane_cascade_systems;ecosystem_management_ai;disease_elimination_basic;regenerative_medicine;fusion_power;biomimetic_filtration;photocatalytic_degradation;formal_verification;value_learning;ai_rights_framework;recursive_alignment;interspecies_communication;advanced_longevity;space_industrialization;molecular_nanotechnology;whole_brain_emulation",0.000000,0.000000,0.000000,0.196329,0.000000,0.000000,0.000000,2,0.000000,0.00,0.000000,0.000000,0.000000,0.000000,0,"",0.000000,0.000000
114,103,"rlhf_basic;mech_interp_basic;adversarial_eval;direct_air_capture;ai_pollution_remediation;collective_purpose_networks;ai_diagnostics;mrna_vaccines;solar_4th_gen;offshore_wind;ai_power_efficiency_communication;soil_p_optimization;p_efficient_cultivars;circular_food_systems;biological_nitrogen_fixation;nitrogen_circular_food;rhizosphere_engineering;nitroplast_integration;precision_fermentation_nitrogen;cold_tolerant_crops;phytoremediation_nitrogen;phytoremediation_networks;alternative_protein_insects_algae;active_sediment_management;regional_nitrogen_policies;mental_health_ai;ocean_alkalinity_enhancement;sediment_management_phosphorus;desalination_advanced;aquifer_mapping_ai;ecosystem_restoration_nitrogen;enhanced_ubi;local_resilience_networks;mech_interp_advanced;defensive_ai;strategic_grain_reserves;soil_health_restoration;struvite_recovery;precision_agriculture;nitrogen_monitoring_networks;algae_nutrient_capture;integrated_nutrient_management;pfas_remediation;ecological_proxy_rewilding;food_waste_reduction;coral_restoration_advanced;global_pfas_ban;habitat_restoration;emergency_greenhouse_networks;alternative_protein_insects;grid_batteries;smart_grids;green_chemistry;plastic_production_phaseout;microplastic_capture;endocrine_disruptor_removal;chemical_recycling;purpose_networks_advanced;education_personalization;precision_conservation;invasive_species_control;marine_cloud_brightening;bioenergy_ccs;emergency_food_distribution_ai;drought_resistant_crops;pesticide_alternatives;vertical_farming;precision_fermentation;atmospheric_water_harvest;solar_5th_gen;geothermal_advanced;hydrogen_economy;plastic_eating_enzymes;green_chemistry_substitution;nanomaterial_safety;rare_earth_recycling;ai_community_matching;creative_empowerment_tools;democratic_ai_governance;scalable_oversight;stratospheric_aerosols;green_ammonia_production;personalized_medicine;longevity_basic;artificial_upwelling;fusion_materials;fusion_plasma_control;membrane_cascade_systems;ecosystem_management_ai;disease_elimination_basic;regenerative_medicine;fusion_power;biomimetic_filtration;photocatalytic_degradation;formal_verification;value_learning;ai_rights_framework;recursive_alignment;interspecies_communication;advanced_longevity;space_industrialization;molecular_nanotechnology;whole_brain_emulation",0.000000,0.000000,0.000000,0.199181,0.000000,0.000000,0.000000,2,0.000000,0.00,0.000000,0.000000,0.000000,0.000000,0,"",0.000000,0.000000
115,103,"rlhf_basic;mech_interp_basic;adversarial_eval;direct_air_capture;ai_pollution_remediation;collective_purpose_networks;ai_diagnostics;mrna_vaccines;solar_4th_gen;offshore_wind;ai_power_efficiency_communication;soil_p_optimization;p_efficient_cultivars;circular_food_systems;biological_nitrogen_fixation;nitrogen_circular_food;rhizosphere_engineering;nitroplast_integration;precision_fermentation_nitrogen;cold_tolerant_crops;phytoremediation_nitrogen;phytoremediation_networks;alternative_protein_insects_algae;active_sediment_management;regional_nitrogen_policies;mental_health_ai;ocean_alkalinity_enhancement;sediment_management_phosphorus;desalination_advanced;aquifer_mapping_ai;ecosystem_restoration_nitrogen;enhanced_ubi;local_resilience_networks;mech_interp_advanced;defensive_ai;strategic_grain_reserves;soil_health_restoration;struvite_recovery;precision_agriculture;nitrogen_monitoring_networks;algae_nutrient_capture;integrated_nutrient_management;pfas_remediation;ecological_proxy_rewilding;food_waste_reduction;coral_restoration_advanced;global_pfas_ban;habitat_restoration;emergency_greenhouse_networks;alternative_protein_insects;grid_batteries;smart_grids;green_chemistry;plastic_production_phaseout;microplastic_capture;endocrine_disruptor_removal;chemical_recycling;purpose_networks_advanced;education_personalization;precision_conservation;invasive_species_control;marine_cloud_brightening;bioenergy_ccs;emergency_food_distribution_ai;drought_resistant_crops;pesticide_alternatives;vertical_farming;precision_fermentation;atmospheric_water_harvest;solar_5th_gen;geothermal_advanced;hydrogen_economy;plastic_eating_enzymes;green_chemistry_substitution;nanomaterial_safety;rare_earth_recycling;ai_community_matching;creative_empowerment_tools;democratic_ai_governance;scalable_oversight;stratospheric_aerosols;green_ammonia_production;personalized_medicine;longevity_basic;artificial_upwelling;fusion_materials;fusion_plasma_control;membrane_cascade_systems;ecosystem_management_ai;disease_elimination_basic;regenerative_medicine;fusion_power;biomimetic_filtration;photocatalytic_degradation;formal_verification;value_learning;ai_rights_framework;recursive_alignment;interspecies_communication;advanced_longevity;space_industrialization;molecular_nanotechnology;whole_brain_emulation",0.000000,0.000000,0.000000,0.202076,0.000000,0.000000,0.000000,2,0.000000,0.00,0.000000,0.000000,0.000000,0.000000,0,"",0.000000,0.000000
116,103,"rlhf_basic;mech_interp_basic;adversarial_eval;direct_air_capture;ai_pollution_remediation;collective_purpose_networks;ai_diagnostics;mrna_vaccines;solar_4th_gen;offshore_wind;ai_power_efficiency_communication;soil_p_optimization;p_efficient_cultivars;circular_food_systems;biological_nitrogen_fixation;nitrogen_circular_food;rhizosphere_engineering;nitroplast_integration;precision_fermentation_nitrogen;cold_tolerant_crops;phytoremediation_nitrogen;phytoremediation_networks;alternative_protein_insects_algae;active_sediment_management;regional_nitrogen_policies;mental_health_ai;ocean_alkalinity_enhancement;sediment_management_phosphorus;desalination_advanced;aquifer_mapping_ai;ecosystem_restoration_nitrogen;enhanced_ubi;local_resilience_networks;mech_interp_advanced;defensive_ai;strategic_grain_reserves;soil_health_restoration;struvite_recovery;precision_agriculture;nitrogen_monitoring_networks;algae_nutrient_capture;integrated_nutrient_management;pfas_remediation;ecological_proxy_rewilding;food_waste_reduction;coral_restoration_advanced;global_pfas_ban;habitat_restoration;emergency_greenhouse_networks;alternative_protein_insects;grid_batteries;smart_grids;green_chemistry;plastic_production_phaseout;microplastic_capture;endocrine_disruptor_removal;chemical_recycling;purpose_networks_advanced;education_personalization;precision_conservation;invasive_species_control;marine_cloud_brightening;bioenergy_ccs;emergency_food_distribution_ai;drought_resistant_crops;pesticide_alternatives;vertical_farming;precision_fermentation;atmospheric_water_harvest;solar_5th_gen;geothermal_advanced;hydrogen_economy;plastic_eating_enzymes;green_chemistry_substitution;nanomaterial_safety;rare_earth_recycling;ai_community_matching;creative_empowerment_tools;democratic_ai_governance;scalable_oversight;stratospheric_aerosols;green_ammonia_production;personalized_medicine;longevity_basic;artificial_upwelling;fusion_materials;fusion_plasma_control;membrane_cascade_systems;ecosystem_management_ai;disease_elimination_basic;regenerative_medicine;fusion_power;biomimetic_filtration;photocatalytic_degradation;formal_verification;value_learning;ai_rights_framework;recursive_alignment;interspecies_communication;advanced_longevity;space_industrialization;molecular_nanotechnology;whole_brain_emulation",0.000000,0.000000,0.000000,0.205012,0.000000,0.000000,0.000000,2,0.000000,0.00,0.000000,0.000000,0.000000,0.000000,0,"",0.000000,0.000000
117,103,"rlhf_basic;mech_interp_basic;adversarial_eval;direct_air_capture;ai_pollution_remediation;collective_purpose_networks;ai_diagnostics;mrna_vaccines;solar_4th_gen;offshore_wind;ai_power_efficiency_communication;soil_p_optimization;p_efficient_cultivars;circular_food_systems;biological_nitrogen_fixation;nitrogen_circular_food;rhizosphere_engineering;nitroplast_integration;precision_fermentation_nitrogen;cold_tolerant_crops;phytoremediation_nitrogen;phytoremediation_networks;alternative_protein_insects_algae;active_sediment_management;regional_nitrogen_policies;mental_health_ai;ocean_alkalinity_enhancement;sediment_management_phosphorus;desalination_advanced;aquifer_mapping_ai;ecosystem_restoration_nitrogen;enhanced_ubi;local_resilience_networks;mech_interp_advanced;defensive_ai;strategic_grain_reserves;soil_health_restoration;struvite_recovery;precision_agriculture;nitrogen_monitoring_networks;algae_nutrient_capture;integrated_nutrient_management;pfas_remediation;ecological_proxy_rewilding;food_waste_reduction;coral_restoration_advanced;global_pfas_ban;habitat_restoration;emergency_greenhouse_networks;alternative_protein_insects;grid_batteries;smart_grids;green_chemistry;plastic_production_phaseout;microplastic_capture;endocrine_disruptor_removal;chemical_recycling;purpose_networks_advanced;education_personalization;precision_conservation;invasive_species_control;marine_cloud_brightening;bioenergy_ccs;emergency_food_distribution_ai;drought_resistant_crops;pesticide_alternatives;vertical_farming;precision_fermentation;atmospheric_water_harvest;solar_5th_gen;geothermal_advanced;hydrogen_economy;plastic_eating_enzymes;green_chemistry_substitution;nanomaterial_safety;rare_earth_recycling;ai_community_matching;creative_empowerment_tools;democratic_ai_governance;scalable_oversight;stratospheric_aerosols;green_ammonia_production;personalized_medicine;longevity_basic;artificial_upwelling;fusion_materials;fusion_plasma_control;membrane_cascade_systems;ecosystem_management_ai;disease_elimination_basic;regenerative_medicine;fusion_power;biomimetic_filtration;photocatalytic_degradation;formal_verification;value_learning;ai_rights_framework;recursive_alignment;interspecies_communication;advanced_longevity;space_industrialization;molecular_nanotechnology;whole_brain_emulation",0.000000,0.000000,0.000000,0.207991,0.000000,0.000000,0.000000,2,0.000000,0.00,0.000000,0.000000,0.000000,0.000000,0,"",0.000000,0.000000
118,103,"rlhf_basic;mech_interp_basic;adversarial_eval;direct_air_capture;ai_pollution_remediation;collective_purpose_networks;ai_diagnostics;mrna_vaccines;solar_4th_gen;offshore_wind;ai_power_efficiency_communication;soil_p_optimization;p_efficient_cultivars;circular_food_systems;biological_nitrogen_fixation;nitrogen_circular_food;rhizosphere_engineering;nitroplast_integration;precision_fermentation_nitrogen;cold_tolerant_crops;phytoremediation_nitrogen;phytoremediation_networks;alternative_protein_insects_algae;active_sediment_management;regional_nitrogen_policies;mental_health_ai;ocean_alkalinity_enhancement;sediment_management_phosphorus;desalination_advanced;aquifer_mapping_ai;ecosystem_restoration_nitrogen;enhanced_ubi;local_resilience_networks;mech_interp_advanced;defensive_ai;strategic_grain_reserves;soil_health_restoration;struvite_recovery;precision_agriculture;nitrogen_monitoring_networks;algae_nutrient_capture;integrated_nutrient_management;pfas_remediation;ecological_proxy_rewilding;food_waste_reduction;coral_restoration_advanced;global_pfas_ban;habitat_restoration;emergency_greenhouse_networks;alternative_protein_insects;grid_batteries;smart_grids;green_chemistry;plastic_production_phaseout;microplastic_capture;endocrine_disruptor_removal;chemical_recycling;purpose_networks_advanced;education_personalization;precision_conservation;invasive_species_control;marine_cloud_brightening;bioenergy_ccs;emergency_food_distribution_ai;drought_resistant_crops;pesticide_alternatives;vertical_farming;precision_fermentation;atmospheric_water_harvest;solar_5th_gen;geothermal_advanced;hydrogen_economy;plastic_eating_enzymes;green_chemistry_substitution;nanomaterial_safety;rare_earth_recycling;ai_community_matching;creative_empowerment_tools;democratic_ai_governance;scalable_oversight;stratospheric_aerosols;green_ammonia_production;personalized_medicine;longevity_basic;artificial_upwelling;fusion_materials;fusion_plasma_control;membrane_cascade_systems;ecosystem_management_ai;disease_elimination_basic;regenerative_medicine;fusion_power;biomimetic_filtration;photocatalytic_degradation;formal_verification;value_learning;ai_rights_framework;recursive_alignment;interspecies_communication;advanced_longevity;space_industrialization;molecular_nanotechnology;whole_brain_emulation",0.000000,0.000000,0.000000,0.211012,0.000000,0.000000,0.000000,2,0.000000,0.00,0.000000,0.000000,0.000000,0.000000,0,"",0.000000,0.000000
119,103,"rlhf_basic;mech_interp_basic;adversarial_eval;direct_air_capture;ai_pollution_remediation;collective_purpose_networks;ai_diagnostics;mrna_vaccines;solar_4th_gen;offshore_wind;ai_power_efficiency_communication;soil_p_optimization;p_efficient_cultivars;circular_food_systems;biological_nitrogen_fixation;nitrogen_circular_food;rhizosphere_engineering;nitroplast_integration;precision_fermentation_nitrogen;cold_tolerant_crops;phytoremediation_nitrogen;phytoremediation_networks;alternative_protein_insects_algae;active_sediment_management;regional_nitrogen_policies;mental_health_ai;ocean_alkalinity_enhancement;sediment_management_phosphorus;desalination_advanced;aquifer_mapping_ai;ecosystem_restoration_nitrogen;enhanced_ubi;local_resilience_networks;mech_interp_advanced;defensive_ai;strategic_grain_reserves;soil_health_restoration;struvite_recovery;precision_agriculture;nitrogen_monitoring_networks;algae_nutrient_capture;integrated_nutrient_management;pfas_remediation;ecological_proxy_rewilding;food_waste_reduction;coral_restoration_advanced;global_pfas_ban;habitat_restoration;emergency_greenhouse_networks;alternative_protein_insects;grid_batteries;smart_grids;green_chemistry;plastic_production_phaseout;microplastic_capture;endocrine_disruptor_removal;chemical_recycling;purpose_networks_advanced;education_personalization;precision_conservation;invasive_species_control;marine_cloud_brightening;bioenergy_ccs;emergency_food_distribution_ai;drought_resistant_crops;pesticide_alternatives;vertical_farming;precision_fermentation;atmospheric_water_harvest;solar_5th_gen;geothermal_advanced;hydrogen_economy;plastic_eating_enzymes;green_chemistry_substitution;nanomaterial_safety;rare_earth_recycling;ai_community_matching;creative_empowerment_tools;democratic_ai_governance;scalable_oversight;stratospheric_aerosols;green_ammonia_production;personalized_medicine;longevity_basic;artificial_upwelling;fusion_materials;fusion_plasma_control;membrane_cascade_systems;ecosystem_management_ai;disease_elimination_basic;regenerative_medicine;fusion_power;biomimetic_filtration;photocatalytic_degradation;formal_verification;value_learning;ai_rights_framework;recursive_alignment;interspecies_communication;advanced_longevity;space_industrialization;molecular_nanotechnology;whole_brain_emulation",0.000000,0.000000,0.000000,0.214076,0.000000,0.000000,0.000000,2,0.000000,0.00,0.000000,0.000000,0.000000,0.000000,0,"",0.000000,0.000000
120,103,"rlhf_basic;mech_interp_basic;adversarial_eval;direct_air_capture;ai_pollution_remediation;collective_purpose_networks;ai_diagnostics;mrna_vaccines;solar_4th_gen;offshore_wind;ai_power_efficiency_communication;soil_p_optimization;p_efficient_cultivars;circular_food_systems;biological_nitrogen_fixation;nitrogen_circular_food;rhizosphere_engineering;nitroplast_integration;precision_fermentation_nitrogen;cold_tolerant_crops;phytoremediation_nitrogen;phytoremediation_networks;alternative_protein_insects_algae;active_sediment_management;regional_nitrogen_policies;mental_health_ai;ocean_alkalinity_enhancement;sediment_management_phosphorus;desalination_advanced;aquifer_mapping_ai;ecosystem_restoration_nitrogen;enhanced_ubi;local_resilience_networks;mech_interp_advanced;defensive_ai;strategic_grain_reserves;soil_health_restoration;struvite_recovery;precision_agriculture;nitrogen_monitoring_networks;algae_nutrient_capture;integrated_nutrient_management;pfas_remediation;ecological_proxy_rewilding;food_waste_reduction;coral_restoration_advanced;global_pfas_ban;habitat_restoration;emergency_greenhouse_networks;alternative_protein_insects;grid_batteries;smart_grids;green_chemistry;plastic_production_phaseout;microplastic_capture;endocrine_disruptor_removal;chemical_recycling;purpose_networks_advanced;education_personalization;precision_conservation;invasive_species_control;marine_cloud_brightening;bioenergy_ccs;emergency_food_distribution_ai;drought_resistant_crops;pesticide_alternatives;vertical_farming;precision_fermentation;atmospheric_water_harvest;solar_5th_gen;geothermal_advanced;hydrogen_economy;plastic_eating_enzymes;green_chemistry_substitution;nanomaterial_safety;rare_earth_recycling;ai_community_matching;creative_empowerment_tools;democratic_ai_governance;scalable_oversight;stratospheric_aerosols;green_ammonia_production;personalized_medicine;longevity_basic;artificial_upwelling;fusion_materials;fusion_plasma_control;membrane_cascade_systems;ecosystem_management_ai;disease_elimination_basic;regenerative_medicine;fusion_power;biomimetic_filtration;photocatalytic_degradation;formal_verification;value_learning;ai_rights_framework;recursive_alignment;interspecies_communication;advanced_longevity;space_industrialization;molecular_nanotechnology;whole_brain_emulation",0.000000,0.000000,0.000000,0.217184,0.000000,0.000000,0.000000,2,0.000000,0.00,0.000000,0.000000,0.000000,0.000000,0,"",0.000000,0.000000